岗位名称,单位名称,省份,月薪范围(k),招聘人数,学历要求,专业要求,单位性质,单位规模,福利标签,发布时间,职位ID
人工智能工程师（管培生）,陕西圆梦工场科技有限公司,全国,6.0-8.0,6,本科及以上,"人工智能（本科 080717），计算机科学与技术 ，数据科学与大数据技术，软件工程，电子信息工程 / 通信工程,",民营企业,100-499人,五险一金，岗位晋升，技能培训，定期体检，年终奖，绩效奖金，节日礼物,2026-07-17 12:32,QvjmQZPXrxyfBDVs9LUBoV
英语实习生,广州云照汉唐国际文化传播有限公司,广东,4.0-4.5,4,本科及以上,英语 翻译 商务英语 国际贸易 旅游管理 服装设计,民营企业,50-99人,,2026-07-17 10:39,Tpa3MbvaSF6S61LwJxPwwa
服装设计助理（实习生）,广州云照汉唐国际文化传播有限公司,广东,6.0-8.0,2,本科及以上,服装设计 纺织品设计 服装工程/服装技术 时尚营销与管理 配饰设计 戏剧服装设计 形象设计 时装摄影 时尚设计,民营企业,50-99人,,2026-07-17 10:38,L1Pw6Nm1vvCKP8HDdtpHsX
管理培训生（文化与零售、后台技术及管理职能）,广州云照汉唐国际文化传播有限公司,广东,4.0-5.0,3,本科及以上,市场营销 服装设计 产品设计 英语 翻译 播音主持 电子商务 新媒体运营,民营企业,50-99人,,2026-07-17 10:38,QhAKZJ5XW5oNQmoPgndQEw
储备班组长管理,上海天马微电子有限公司,上海,6.0-7.5,50,专科及以上,理工大类 电子信息类 机电一体化 电气自动化 计算机 机械设计与制造 数控,上市公司,1000-4999人,五险一金，岗位晋升，提供住宿,2026-07-17 09:19,7rKf93xhkvKJr6TntiPtBD
房屋经纪人,重庆浩邦家苑房地产营销策划有限公司,重庆,3.5-6.5,10,专科及以上,市场营销,民营企业,100-499人,五险一金，带薪年假，技能培训，弹性工作，年终分红,2026-07-17 15:48,D5CyvaqPLE9Hhp9A6xAzcL
地图数据标注员,中科辰尚（泰安）信息科技有限公司,山东,3.0-9.0,30,专科及以上,计算机类 人工智能 大数据 工商管理 机电一体化,民营企业,50-99人,,2026-07-17 15:41,EcX9pn5Z9z7bXf4QiPCSbh
数据标注工程师,中科辰尚（泰安）信息科技有限公司,山东,3.0-9.0,30,专科及以上,计算机类 人工智能 大数据 工商管理 机电一体化,民营企业,50-99人,,2026-07-17 15:41,EaFT6wPu5qqtPFwHTqrLQJ
房屋检测实习生2026,上海同丰工程咨询有限公司,上海,3.0-3.0,2,专科及以上,桥梁 结构 土木 交通工程 市政 测量 检测,民营企业,100-499人,五险一金，带薪年假，技能培训，定期体检，年终奖，年度旅游，高温补贴，节日礼物，提供住宿，班车接送,2026-07-17 14:10,XWApRBNgZ8A3zYxKgmXmvq
行政内勤实习生,湖北汉牛会计师事务有限公司,湖北,1.5-3.0,1,本科及以上,行政管理 人力资源 汉语言 财会类,民营企业,50-99人,五险一金，岗位晋升，股权激励，定期体检，年终奖，绩效奖金，年度旅游，午餐补助，节日礼物,2026-07-17 13:56,MvPofsadSB7SrpHGWHqYQW
中文/数学/英文科 教辅编辑实习生,乐学数码科技（广州）有限公司,广东,1.0-2.5,0,本科及以上,师范 汉语言文学 英语 数学,合资企业,1-49人,,2026-07-17 11:30,DgLtiYZ4KVNQdEn1E1x2Y4
高端女装销售实习生,广州云照汉唐国际文化传播有限公司,广东,4.0-5.0,3,本科及以上,服装设计与工艺 纺织品设计 民族服饰与非物质文化遗产保护 艺术设计（视觉传达/平面设计）时尚配饰设计 服装与服饰设计 电脑绣花工艺设计 苏绣技艺 服装电脑绣花制板师,民营企业,50-99人,,2026-07-17 10:39,4eUdUUU2GhmhSrNximtt9f
高端女装销售实习生,广州云照汉唐国际文化传播有限公司,广东,4.0-4.5,3,专科及以上,英语 服装设计与工艺 纺织品设计 民族服饰与非物质文化遗产保护 艺术设计（视觉传达/平面设计）时尚配饰设计 服装与服饰设计 电脑绣花工艺设计 苏绣技艺 服装电脑绣花制板师,民营企业,50-99人,,2026-07-17 10:38,CzxFVupaHrCtXVtU1hqHPY
客服助理,上海谷曼实业有限公司,上海,3.0-8.0,2,专科及以上,电子商务，设计等,民营企业,1-49人,五险一金，带薪年假，年终奖，年度旅游，节日礼物,2026-07-17 10:30,SbuHvACDTBhK5Jg4gzsZXu
机械类实习生,南通万维新能源科技有限公司,江苏,3.0-3.5,10,专科及以上,机械类 机械制造及自动化,民营企业,100-499人,五险一金，技能培训，绩效奖金，午餐补助，住房补助,2026-07-17 09:39,Fi2wkQkeBkTS1JohUweQew
项目助理管培生（实习生）,岭创汇（广州）信息科技有限公司,广东,3.0-10.0,6,本科及以上,金融 营销 管理,民营企业,1-49人,,2026-07-17 09:36,ANgwQEL9yLgpMkVirNzSbM
网络安全测试工程师（实习）,湖南翼帆科技有限公司,湖南,3.0-6.0,2,专科及以上,电子信息类 计算机类 计算机科学与技术 软件工程 信息安全 网络空间安全,民营企业,1-49人,五险一金，带薪年假，技能培训,2026-07-17 09:32,Tve9D7QRFZzuPTbCGUP2TD
2026年度信息安全测评工程师（实习）,湖南翼帆科技有限公司,湖南,3.0-6.0,2,专科及以上,计算机科学与技术 软件工程 信息安全 网络空间安全,民营企业,1-49人,五险一金，带薪年假，技能培训,2026-07-17 09:29,RDUmb4EmQhntiJYPfL2BEE
储备技术员,上海天马微电子有限公司,上海,6.0-7.5,50,专科及以上,,上市公司,1000-4999人,五险一金，岗位晋升，提供住宿,2026-07-17 09:12,3KELC6sY11xFtwgMkpper3
地铁集团站务专员,胜宸（天津）生物科技有限公司,天津,4.0-5.0,20,专科及以上,电子商务 计算机 汉语言文学 市场营销 物流 工商管理 旅游管理 机电一体化 电气自动化,民营企业,50-99人,,2026-07-17 08:37,TApbEadYcorT2zd5oZr1V2
汽车部件生产实习生,天津中辉智造企业管理咨询有限公司,天津,5.0-8.0,20,不限,机电 电气 机械 新能源 电子信息 物联网 机器人 无人机 自动化 微电子,民营企业,1-49人,,2026-07-17 08:31,BsoRFqHcBGnfHvhF8QqMYr
自动化设备技工,珠海冠宇电池股份有限公司,广东,6.0-7.5,50,专科及以上,智能制造 汽车 新能源 电气 智能控制 电子 机器人 电子 机械,民营企业,5000以上,五险一金，带薪年假，岗位晋升，技能培训，专项奖金，绩效奖金，午餐补助，提供住宿，班车接送,2026-07-16 23:39,PH3rrquiGcVK8BR14LLQ6o
自动化设备技工,珠海冠宇电池股份有限公司,广东,6.0-7.5,50,专科及以上,智能制造 汽车 新能源 电气 智能控制 电子,民营企业,5000以上,五险一金，带薪年假，岗位晋升，技能培训，专项奖金，绩效奖金，午餐补助，提供住宿，班车接送,2026-07-16 23:33,E7XrYLhtsrzn6qsXJ84Suk
机电/机械/电子/电气自动化实习生,珠海冠宇电池股份有限公司,广东,6.0-7.5,50,专科及以上,机电 机械 电子 电气 机器人,民营企业,5000以上,五险一金，带薪年假，岗位晋升，技能培训，专项奖金，绩效奖金，午餐补助，提供住宿，班车接送,2026-07-16 23:23,2VhSUhAfHDDSqbySNdB54J
金融客户代表/管培生,北京指南针科技发展股份有限公司,北京,4.0-15.0,50,专科及以上,证券 金融 财务 会计 工商管理 市场营销 电子商务 经济学 国际贸易 互联网金融 保险 投资,股份制企业,1000-4999人,五险一金，岗位晋升，定期体检，绩效奖金，年度旅游，节日礼物，提供住宿,2026-07-16 17:28,EANHXVxWWtLYaDwq1HoXwL
金融销售顾问/管培生,北京指南针科技发展股份有限公司,北京,4.0-15.0,50,专科及以上,证券 金融 财务 会计 工商管理 市场营销 电子商务 经济学 国际贸易 互联网金融 保险 投资,股份制企业,1000-4999人,五险一金，岗位晋升，定期体检，绩效奖金，年度旅游，节日礼物，提供住宿,2026-07-16 17:27,MDvU2VicCAEmSkxmTFvjz4
汽车维修与检测实习生,安兴(绍兴)汽车服务有限公司,浙江,3.0-3.5,30,专科及以上,汽修类,民营企业,50-99人,,2026-07-16 17:12,NWpMDN89joEDAAmupRPY1Y
门店储备店长,安兴(绍兴)汽车服务有限公司,浙江,3.0-3.5,30,专科及以上,汽修类,民营企业,50-99人,,2026-07-16 17:09,QA1CF1sZx2bi8YKjaYWYPn
汽车贴膜实习生,安兴(绍兴)汽车服务有限公司,浙江,3.0-3.5,30,专科及以上,汽修类,民营企业,50-99人,,2026-07-16 17:06,6Bvrj34f5CqhcHkiwBMZ9k
汽车精洗实习生,安兴(绍兴)汽车服务有限公司,浙江,3.0-3.5,30,专科及以上,汽修类,民营企业,50-99人,,2026-07-16 17:06,LbPP1KJozvp6uS2XQz988p
储备干部,杭州鑫助达智能科技有限公司,浙江,6.5-9.0,30,专科及以上,数控、机械类相关专业,民营企业,100-499人,五险一金，岗位晋升，技能培训，扁平管理，年终奖,2026-07-16 17:03,HsGdJYZrQdrcn3ZRJnXMUX
管培生,杭州鑫助达智能科技有限公司,浙江,6.5-9.0,30,专科及以上,数控、机械类相关专业,民营企业,100-499人,五险一金，岗位晋升，技能培训，扁平管理，年终奖,2026-07-16 17:03,Fo6PJoEe5s3uUNER95PF5U
生产普工,杭州鑫助达智能科技有限公司,浙江,6.5-7.5,30,专科及以上,数控、机械类相关专业,民营企业,100-499人,五险一金，岗位晋升，技能培训，扁平管理，年终奖,2026-07-16 17:03,KvJicR1H1TFuM8wNLC4rWv
车间火加工,杭州鑫助达智能科技有限公司,浙江,6.5-15.0,30,专科及以上,数控、机械类相关专业,民营企业,100-499人,五险一金，岗位晋升，技能培训，扁平管理，年终奖,2026-07-16 17:03,4UMX17UuB7iytXF5WqSWmU
数控实习生,杭州鑫助达智能科技有限公司,浙江,6.5-7.5,30,专科及以上,数控、机械类相关专业,民营企业,100-499人,五险一金，岗位晋升，技能培训，扁平管理，年终奖,2026-07-16 17:02,F5yL3KuiDXV8CUHT7y6npX
物流订单处理员,杭州千载匠心科技有限公司,浙江,3.0-3.5,20,专科及以上,电子商务,民营企业,50-99人,,2026-07-16 17:00,L1XDEpPjmWQTnTDB1717yJ
物流打包员,杭州千载匠心科技有限公司,浙江,3.0-3.5,20,专科及以上,电子商务,民营企业,50-99人,,2026-07-16 16:59,KzsjZBiFBuoCR7iMU5VZ6y
检验,浙江冉博电器有限公司,浙江,5.5-6.5,15,专科及以上,机电、机械、电子、电气、测控技术、制冷、数控模具等理工类专业优先,民营企业,500-999人,五险一金，岗位晋升，技能培训，午餐补助，提供住宿,2026-07-16 15:58,L8ziZ77vDnbCVC8nvNVfiT
洗净,浙江冉博电器有限公司,浙江,5.5-6.5,15,专科及以上,机电、机械、电子、电气、测控技术、制冷、数控模具等理工类专业优先,民营企业,500-999人,五险一金，岗位晋升，技能培训，午餐补助，提供住宿,2026-07-16 15:57,BpdF18W5DHjTKKFbn2S3Ax
火加工,浙江冉博电器有限公司,浙江,5.5-6.5,15,专科及以上,机电、机械、电子、电气、测控技术、制冷、数控模具等理工类专业优先,民营企业,500-999人,五险一金，岗位晋升，技能培训，午餐补助，提供住宿,2026-07-16 15:56,3dwsMYzDjVPxcPPeAfhJCN
机加工,浙江冉博电器有限公司,浙江,5.5-6.5,15,专科及以上,机电、机械、电子、电气、测控技术、制冷、数控模具等理工类专业优先,民营企业,500-999人,五险一金，岗位晋升，技能培训，午餐补助，提供住宿,2026-07-16 15:55,D9bYJY3kQoG9aymyjSKp8
储备干部,浙江冉博电器有限公司,浙江,5.5-6.5,20,专科及以上,机电、机械、电子、电气、测控技术、制冷、数控模具等理工类专业优先,民营企业,500-999人,五险一金，岗位晋升，技能培训，午餐补助，提供住宿,2026-07-16 15:53,8b6NatStXnQVYaEZXdw3RW
餐饮储备干部,宁波钓鱼台餐饮管理有限公司,浙江,3.0-3.5,30,专科及以上,旅游管理 酒店管理 烹饪专业 高铁乘务 航空,民营企业,50-99人,五险一金，技能培训，绩效奖金，提供住宿,2026-07-16 14:41,G2TxTzqyd2o9EpXcusLFXt
餐饮管培生,宁波钓鱼台餐饮管理有限公司,浙江,3.0-3.5,30,专科及以上,旅游管理 酒店管理 烹饪专业 高铁乘务 航空,民营企业,50-99人,五险一金，技能培训，绩效奖金，提供住宿,2026-07-16 14:40,9Fdhn9gREKXKfdTx9xZ4M2
厨房实习生,宁波钓鱼台餐饮管理有限公司,浙江,3.0-3.5,30,专科及以上,旅游管理 酒店管理 烹饪专业 高铁乘务 航空,民营企业,50-99人,五险一金，技能培训，绩效奖金，提供住宿,2026-07-16 14:39,C5FyLE8TbHZxVTVZRgHXku
前厅实习生,宁波钓鱼台餐饮管理有限公司,浙江,3.0-3.5,30,专科及以上,旅游管理 酒店管理 烹饪专业 高铁乘务 航空,民营企业,50-99人,五险一金，技能培训，绩效奖金，提供住宿,2026-07-16 14:37,jiXsWMDpJkuxRxLSgR375
酒店实习生,宁波钓鱼台餐饮管理有限公司,浙江,3.0-3.5,30,专科及以上,旅游管理 酒店管理 烹饪专业 高铁乘务 航空,民营企业,50-99人,五险一金，技能培训，绩效奖金，提供住宿,2026-07-16 14:37,Y9Wtd79MJDGg6oDpaMWwVE
财务部实习生,湖南中晟全肽生物科技股份有限公司,湖南,2.0-3.0,1,专科及以上,会计 财管 审计,合资企业,100-499人,五险一金，岗位晋升，技能培训，午餐补助，节日礼物,2026-07-16 14:17,Lm9H1vSMBHV9JmBQSs6toR
董事会实习生,湖南中晟全肽生物科技股份有限公司,湖南,2.0-3.0,1,本科及以上,法律 金融 财务 会计 生物医药,合资企业,100-499人,五险一金，岗位晋升，技能培训，午餐补助，节日礼物,2026-07-16 14:17,LU5GMzHaujp23fALPTadNV
药理部实习生,湖南中晟全肽生物科技股份有限公司,湖南,2.0-3.0,2,专科及以上,生物学 生物化学 药学 医学等 相关专科、本科以上学历,合资企业,100-499人,五险一金，岗位晋升，技能培训，午餐补助，节日礼物,2026-07-16 14:16,Juf6GL1JF6tgXv3jUH1HPv
传菜实习生,绍兴市吉荷餐饮管理有限公司,浙江,4.0-4.5,20,专科及以上,旅游管理 酒店管理 烹饪专业 高铁乘务 航空,民营企业,100-499人,技能培训，弹性工作，午餐补助，提供住宿,2026-07-16 13:51,S3fiBV2TC68HDj2BC7os9R
后厨实习生,绍兴市吉荷餐饮管理有限公司,浙江,4.0-4.5,20,专科及以上,旅游管理 酒店管理 烹饪专业 高铁乘务 航空,民营企业,100-499人,技能培训，弹性工作，午餐补助，提供住宿,2026-07-16 13:50,LjWXCovCxzBxzYjZfdif8v
迎宾实习生,绍兴市吉荷餐饮管理有限公司,浙江,4.0-4.5,15,专科及以上,旅游管理 酒店管理 烹饪专业 高铁乘务 航空,民营企业,100-499人,技能培训，弹性工作，午餐补助，提供住宿,2026-07-16 13:49,4C2mfFqGqeHuTjRbEeBbYv
前厅实习生,绍兴市吉荷餐饮管理有限公司,浙江,4.0-4.5,10,专科及以上,旅游管理 酒店管理 烹饪专业 高铁乘务 航空,民营企业,100-499人,技能培训，弹性工作，午餐补助，提供住宿,2026-07-16 13:47,HSKY9gEdExLSJULqppNyp3
餐饮实习生,绍兴市吉荷餐饮管理有限公司,浙江,4.0-4.5,10,专科及以上,旅游管理 酒店管理 烹饪专业 高铁乘务 航空,民营企业,100-499人,技能培训，弹性工作，午餐补助，提供住宿,2026-07-16 13:46,NabNQZZp7mZDq1obL7RKQd
传菜实习生,绍兴市越城区海虹舫海鲜大酒店有限公司,浙江,3.5-4.0,15,专科及以上,旅游管理 酒店管理 烹饪专业 高铁乘务 航空,民营企业,100-499人,提供住宿,2026-07-16 10:23,Cjdv1zzVFZznY9mRXfLxbW
前厅实习生,绍兴市越城区海虹舫海鲜大酒店有限公司,浙江,3.5-4.0,15,专科及以上,旅游管理 酒店管理 烹饪专业 高铁乘务 航空,民营企业,100-499人,提供住宿,2026-07-16 10:22,Asy7DxLVdoXZi4cEXybFX6
餐饮实习生,绍兴市越城区海虹舫海鲜大酒店有限公司,浙江,3.5-4.0,15,专科及以上,旅游管理 酒店管理 烹饪专业 高铁乘务 航空,民营企业,100-499人,提供住宿,2026-07-16 10:20,JgW3RyBAV5wZ2cb4hpUHrh
酒店实习生,绍兴市越城区海虹舫海鲜大酒店有限公司,浙江,3.5-4.0,15,专科及以上,旅游管理 酒店管理 烹饪专业 高铁乘务 航空,民营企业,100-499人,提供住宿,2026-07-16 10:19,NeQ5R7dkCvLgn4fDhUW9qC
迎宾实习生,绍兴市越城区海虹舫海鲜大酒店有限公司,浙江,3.5-4.0,15,专科及以上,旅游管理 酒店管理 烹饪专业 高铁乘务 航空,民营企业,100-499人,提供住宿,2026-07-16 10:17,4vLNL5xCVeniuoUprxBQit
托管班英语老师,北京天清启典教育科技有限公司,北京,2.5-12.0,20,专科及以上,小教专业 艺术专业 英语专业,其他,50-99人,岗位晋升，交通补助，午餐补助,2026-07-16 09:04,KgS8HhmgmH35AfCBDA4tz
装配操作工,青岛五顺汽车模具部件有限公司,山东,6.0-8.0,30,专科及以上,车辆 智能制造 机电一体化技术 模具设计与制造 机械制造与自动化 数控技术 智能控制电气自动化技术 工业机器人技术 智能机器人技术 制冷与空调技术,国有企业,500-999人,五险一金，岗位晋升，弹性工作，年终分红，定期体检，年底双薪,2026-07-16 08:42,JQNTH2pc9qit82WnrNR7MD
越南市场研究实习生,上海元哲信息咨询有限公司,上海,3.0-5.0,2,本科及以上,经济学 越南语 外贸,民营企业,1-49人,五险一金，技能培训，定期体检，专项奖金，节日礼物，免费加班餐，零食水果,2026-07-16 08:17,W3KdvmxCKXSjXwL4Phn9pG
人事专员,江西瞳日医疗器械有限公司,江西,2.0-3.0,2,本科及以上,,民营企业,1-49人,,2026-07-16 22:38,SyvmW1gjGfnzJtVsGWFXDr
会计助理,西藏维度企业管理咨询有限公司,西藏,4.0-5.0,5,本科及以上,财务 会计,民营企业,1-49人,,2026-07-16 22:12,8jhZM7zo1sL3HZP3t3pmZT
生产储干（2026届大专类）,陕西美邦药业集团股份有限公司,陕西,3.5-4.0,20,专科及以上,精细化工 化学 制药工程 机电一体化,民营企业,1000-4999人,五险一金，技能培训，股权激励，扁平管理，节日礼物，零食水果，提供住宿,2026-07-16 20:18,LiBSjtpR1VzVeqdXkKUT3y
销售实习生,广州市百利文仪实业有限公司上海分公司,上海,2.0-3.0,5,专科及以上,营销类 工商管理 室内设计 工程设计 建筑设计,民营企业,1-49人,,2026-07-16 18:09,JgF55Y4bHH2gRgJ6ksXcnY
实习生,上海海尔洗涤电器有限公司,安徽,5.0-8.0,100,不限,智能制造大类,上市公司,500-999人,,2026-07-16 17:57,Wro7nWCXZui2PUiZqtgJTz
仓库实习生,广西棒棒糖物业服务有限责任公司,广西,1.0-2.0,1,专科及以上,物流管理,民营企业,1000-4999人,,2026-07-16 17:38,NwxtMpV3wVoG4D1Z45ikPt
机场安保巡逻辅警,云翔美程（佛山）航空商务服务有限公司,广东,4.0-6.0,20,专科及以上,,民营企业,50-99人,,2026-07-16 17:30,Tas9ahbKZpoEZqat6SYF6N
白云机场地勤问询岗位,云翔美程（佛山）航空商务服务有限公司,广东,3.0-6.0,20,专科及以上,,民营企业,50-99人,,2026-07-16 17:30,FumgxywEHzejpKi7X6yuh5
房务办公室实习生,成都棕榈泉联英置业有限公司酒店管理分公司,四川,2.6-2.8,1,专科及以上,酒店管理，旅游管理，英语,合资企业,100-499人,五险一金，带薪年假，岗位晋升，技能培训，年终奖，节日礼物，提供住宿,2026-07-16 17:15,W2k99hwFYupP3ufG7am81B
门店前台销售,安兴(绍兴)汽车服务有限公司,浙江,3.0-3.5,30,专科及以上,汽修类,民营企业,50-99人,,2026-07-16 17:10,QN6QTjtSuNd3dpefJ4KAxF
电商客服,杭州千载匠心科技有限公司,浙江,3.0-3.5,20,专科及以上,电子商务,民营企业,50-99人,,2026-07-16 17:01,Ks1mgunCwxBYhRzFeqn7mL
售后客服,杭州千载匠心科技有限公司,浙江,3.0-3.5,20,专科及以上,电子商务,民营企业,50-99人,,2026-07-16 16:58,2JfKL621N51YLUzY6LSLxb
售前客服,杭州千载匠心科技有限公司,浙江,6.0-15.0,20,专科及以上,电子商务,民营企业,50-99人,,2026-07-16 16:56,2vZtTf2jXZYUznscHPpsVB
3ds  Max操作员（专科实习生）2027届,四川云尚空间科技有限公司,江西,2.0-3.0,4,专科及以上,计算机，人工智能，建筑，设计，工程，软件，互联网，电子商务,民营企业,50-99人,,2026-07-16 16:49,ECB3kpg59gX9n6r3iTCSty
包吃住---短期实习生,上海昂达餐饮管理有限公司,上海,4.0-5.0,100,不限,酒店 烹饪 旅游 工商管理 空乘,民营企业,500-999人,五险一金，岗位晋升，技能培训，年终分红，股票期权，定期体检，年终奖，年底双薪，免费加班餐，提供住宿,2026-07-16 15:41,GkxLrBZe2D76CGqwp45DPz
物流供给保障员,宁德嘉晨电子有限公司,福建,6.0-8.0,20,专科及以上,物流类 汽车类 自动化类 制造类 设备类,民营企业,1000-4999人,五险一金，带薪年假，岗位晋升，技能培训，年终奖，提供住宿,2026-07-16 15:40,AqXRqMrAd8t4CFUYx2qcgM
质检员,宁德嘉晨电子有限公司,福建,6.0-8.0,30,专科及以上,汽车类 自动化类 制造类 设备类,民营企业,1000-4999人,五险一金，带薪年假，岗位晋升，技能培训，年终奖，提供住宿,2026-07-16 15:40,5ZvJ4jAQ6MbdukP2hW6Qm1
文员,江门市佰分云教育科技有限公司,广东,3.0-8.0,1,专科及以上,会计学、财务,民营企业,1-49人,,2026-07-16 15:35,7eM5eg1um7iGFGtKMDmXff
设计助理,上海谷曼实业有限公司,上海,3.0-8.0,1,专科及以上,平面设计,民营企业,1-49人,五险一金，带薪年假，年终奖，年度旅游，节日礼物,2026-07-16 15:28,UYHAr88RGJJyVJZZusuJ1J
法务助理实习生-应届生专属,北京安明信维法律咨询有限公司,北京,3.5-5.0,2,本科及以上,民法 商法 法学 经济法 民事诉讼法,民营企业,1-49人,五险一金，带薪年假，岗位晋升，技能培训，弹性工作,2026-07-16 15:27,WDpBqCx9W46S45FycBR4xc
27届烹饪专业实习生（包吃住）,上海昂达餐饮管理有限公司,上海,4.0-5.0,100,不限,酒店 烹饪 旅游 工商管理 空乘,民营企业,500-999人,五险一金，岗位晋升，技能培训，年终分红，股票期权，定期体检，年终奖，年底双薪，免费加班餐，提供住宿,2026-07-16 15:25,CYKeV6eU88VyNRzGQMXitx
27/28届烹饪专业实习生（包吃住）,上海丰之绪餐饮管理有限公司,上海,4.0-5.0,100,不限,烹饪 酒店管理 旅游管理 市场营销 高级饭店经营与管理 工商管理 食品,民营企业,1000-4999人,岗位晋升,2026-07-16 15:23,CZhWFF49pib8AZrpgn2jVE
AutoCAD(专科实习生）2027届,四川云尚空间科技有限公司,江西,2.0-3.0,4,专科及以上,计算机，人工智能，建筑，设计，工程，软件，互联网，电子商务,民营企业,50-99人,,2026-07-16 14:56,Gf15XEvdj41H9jotyoZEDV
财务实习生,杭州黄龙饭店有限公司,浙江,2.4-2.8,1,本科及以上,,国有企业,500-999人,,2026-07-16 14:43,P6ogTffyZfMnAcuyGxvfbH
基恩士2027校园大使招募,基恩士（中国）有限公司,全国,1.0-3.0,10,本科及以上,,外商独资/外企代表处,员工数量,,2026-07-16 13:47,A6mEzULHk6fQA8iTcQC62N
生物技术研究员——实习生,湖南渊竹生物科技有限公司,湖南,3.0-4.0,2,专科及以上,限生物技术、生物工程、生物科学、生物制药专业,民营企业,1-49人,,2026-07-16 13:41,SePu3wdFj7hL4egw9GBxLd
基恩士2027校园大使招募,基恩士（中国）有限公司,全国,1.0-3.0,10,本科及以上,,外商独资/外企代表处,员工数量,,2026-07-16 13:34,4G4s8uNnbjba2Ftq6LDBHq
餐饮服务员,上海园林格兰云天大酒店有限公司第一分公司,上海,3.0-4.0,3,不限,酒店管理 旅游管理 会务管理 其他专业,民营企业,100-499人,,2026-07-16 13:22,4Q69LzRcRuLSBWLDYKHqjM
电子档案管理实习生2027届,上海辉然档案信息技术有限公司,浙江,2.0-6.5,4,专科及以上,计算机，人工智能，建筑，设计，工程，软件，互联网，电子商务,民营企业,100-499人,,2026-07-16 13:19,Cmm92RbREZTCKH6a3wvwQE
运营,北京便捷企服管理咨询有限公司,北京,4.0-6.0,1,不限,,民营企业,1-49人,五险一金，岗位晋升，弹性工作，交通补助,2026-07-16 12:10,QbkRt6PKcjmd4kviBHqYcK
行政专员,北京便捷企服管理咨询有限公司,北京,3.0-5.0,1,专科及以上,,民营企业,1-49人,五险一金，岗位晋升，弹性工作，交通补助,2026-07-16 12:09,JUAPwcp4BUfJ2vuGP9Tq4Z
会计助理,北京便捷企服管理咨询有限公司,北京,4.0-7.0,5,本科及以上,会计 财务,民营企业,1-49人,五险一金，岗位晋升，弹性工作，交通补助,2026-07-16 12:09,Cy5uCVvPYdtdSLuam7bMEX
行政助理实习生,北京云数信用服务中心,北京,3.5-6.0,2,本科及以上,,民营企业,1-49人,五险一金，技能培训，定期体检，绩效奖金，节日礼物,2026-07-16 12:09,X6HiJ67ENBvMjYoUA5WYtu
具身智能机器人训练师-有趣，氛围好,江西创焱智科数据有限公司,江西,3.0-5.0,10,专科及以上,计算机大类 人工智能 智能制造 机械大类 不限专业,民营企业,100-499人,,2026-07-16 11:26,YXZavHBLkNRfQDszJFgnu5
数据采集工程师-五险一金-朝九晚六,江西创焱智科数据有限公司,江西,3.0-5.0,20,专科及以上,计算机大类 人工智能 智能制造 机械大类 不限专业,民营企业,100-499人,,2026-07-16 11:25,Fqs1AeCnsYHLaHCuTySfHY
高级少儿武术教练（全国直营）,南京武悦舒体育发展有限公司,全国,7.0-12.0,50,不限,武术与民族传统体育 民族传统体育 体育教育 运动训练,其他,1000-4999人,五险一金，岗位晋升，年终分红，股票期权，扁平管理，年终奖，专项奖金，年度旅游，节日礼物，提供住宿,2026-07-16 10:16,KmZhBmrn8zCzxCMxgVQErf
档案管理实习生,广东仕邦投资控股有限公司,新疆,1.0-1.5,0,专科及以上,不限,民营企业,100-499人,,2026-07-16 10:09,MFj99gpjw3USaqNaLLbv8g
浙江联鑫板材科技有限公司,浙江联鑫板材科技有限公司,浙江,2.5-3.0,5,专科及以上,自动化、机械设计及自动化、电气设备、机电一体化、材料成型及加工、材料工程、冶金工程、金属材料、金属加工、市场营销、国际贸易、经济贸易等专业、,民营企业,100-499人,,2026-07-16 10:03,6zrknTjadZVdtgHNABKxKe
基恩士27届校园大使,基恩士（中国）有限公司,全国,3.0-7.0,10,本科及以上,,外商独资/外企代表处,员工数量,,2026-07-16 09:02,UYPLiAnViKEEK1JghgwTA4
短视频直播运营,贞策税务师事务所（北京）有限公司,北京,2.0-4.0,1,不限,,民营企业,1-49人,,2026-07-16 08:33,VNSDXjh6RKJoDAvSPVRby1
机械双开冲压设备工,青岛五顺汽车模具部件有限公司,山东,7.0-8.0,10,专科及以上,智能制造 机电一体化技术 模具设计与制造 机械制造与自动化 数控技术 智能控制电气自动化技术 工业机器人技术 智能机器人技术 制冷与空调技术,国有企业,500-999人,五险一金，岗位晋升，弹性工作，年终分红，定期体检，年底双薪,2026-07-15 14:42,XSivszt4UrsWnbDVwPSDn5
招聘学术研讨会邀约经理,南京相启科技有限公司,全国,6.0-7.0,5,本科及以上,会展服务、会展经济与管理、市场营销、工程管理、金融学,民营企业,1-49人,五险一金，岗位晋升，年终奖，交通补助，住房补助,2026-07-15 13:57,G7yKXzZzRxLzvUZsrqYY4U
学术研讨会邀约客服代表,北京国研华创科学技术院,江苏,6.0-15.0,5,本科及以上,会展服务、会展经济与管理、市场营销、工程管理、金融学,民营企业,1-49人,岗位晋升，技能培训，绩效奖金，交通补助,2026-07-15 13:49,6DPZyPkjBCt1nuB9MTukji
人力资源助理,浙江诚信医化设备有限公司,浙江,3.0-5.0,1,本科及以上,人力资源；工商管理,民营企业,500-999人,岗位晋升，技能培训，专项奖金，绩效奖金，节日礼物，提供住宿，班车接送,2026-07-15 13:13,8ZFe9xEHE4NJ3151bAsysw
动物实验员,启昇（上海）生物科技有限公司,上海,4.0-5.0,1,专科及以上,,港澳台公司,50-99人,五险一金，带薪年假，岗位晋升，定期体检，年终奖，年度旅游，节日礼物，零食水果，班车接送,2026-07-15 10:04,Qz7PyAdjdpXb87c6F5YnHn
工艺储备干部,江苏瑞尔隆鼎实业有限公司,江苏,5.5-6.5,30,专科及以上,数控技术 机电 机械 自动化,民营企业,100-499人,岗位晋升，技能培训，年终奖，高温补贴，免费加班餐，提供住宿，班车接送,2026-07-15 00:07,PC1cC5UCdtf9HmVcmCZhwx
技术储备干部,江苏瑞尔隆鼎实业有限公司,江苏,5.5-6.5,30,专科及以上,数控技术 机电 机械 自动化,民营企业,100-499人,岗位晋升，技能培训，年终奖，高温补贴，免费加班餐，提供住宿，班车接送,2026-07-15 00:03,GP63NdYjpScEFVXDp7TBN6
储备干部2027届,广州觉罗信息科技有限公司,福建,2.0-3.0,2,专科及以上,计算机，人工智能，建筑，设计，工程，软件，互联网，电子商务,民营企业,100-499人,,2026-07-15 20:43,Sqo5sCnxGvZAaUhQBHVJGu
资料员（实习生）2027届,安徽保进建设工程有限公司,全国,2.0-3.0,2,专科及以上,消防，建筑消防，森林消防，防火，司法，安保，物业，建筑，工程，计算机,民营企业,1-49人,,2026-07-15 20:38,PRirJD4rs5umzaWMFgESy3
新媒体运营,湖北策智科技有限公司,全国,3.0-3.5,10,专科及以上,,民营企业,1-49人,,2026-07-15 19:41,HiYNxW9GWUFqcfQrNtkUch
早九晚六法定休息有绩效不限经验招长期实习生,山东智沐数字科技有限公司,山东,3.0-7.0,50,不限,不限专业,民营企业,100-499人,岗位晋升，技能培训，绩效奖金，节日礼物，提供住宿,2026-07-15 17:44,LnXaJaJ2DdQoWz8xUz4inj
总经理助理实习生,江苏蛙鸣文化传媒有限公司,江苏,3.0-5.0,1,专科及以上,商务英语 英语 翻译,民营企业,1-49人,,2026-07-15 17:03,Duy7G8nSvTaiYyDqYViZk1
小语种跨境电商运营助理,杭州启迪电子商务有限公司,浙江,3.0-6.0,10,本科及以上,语言专业,民营企业,50-99人,,2026-07-15 16:50,THNErPsUCgwfmZ1WWCzjfV
实习管培生,百得（苏州）精密制造有限公司,江苏,3.8-6.0,50,专科及以上,工科专业 机械专业,外商独资/外企代表处,1-49人,,2026-07-15 16:43,9m4wgjUb1b4XHHxJpgWquB
ai机器人数据采集-包住宿-社保,江西创焱智科数据有限公司,江西,3.0-5.0,20,专科及以上,计算机大类 人工智能 智能制造 机械大类 不限专业,民营企业,100-499人,,2026-07-15 15:22,S7hAPKvvaBk1QmnsvwzEch
数据采集岗-人工智能-00后氛围好,江西创焱智科数据有限公司,江西,3.0-5.0,10,专科及以上,计算机大类 人工智能 智能制造 机械大类 不限专业,民营企业,100-499人,,2026-07-15 15:22,N1jy9GHGBvUYSSssaHy8xx
机器人教导老师-带薪培训-超前体验,江西创焱智科数据有限公司,江西,3.0-5.0,10,专科及以上,计算机大类 人工智能 智能制造 机械大类 不限专业,民营企业,100-499人,,2026-07-15 15:21,WdAsYXuhKJBHCqDpH8WHqp
机器人启蒙老师,江西创焱智科数据有限公司,江西,3.0-5.0,10,专科及以上,计算机大类 人工智能 智能制造 机械大类 不限专业,民营企业,100-499人,,2026-07-15 15:21,2ncHKDK4p5V8wBWneNJD4r
机器人饲养员,江西创焱智科数据有限公司,江西,3.0-5.0,10,专科及以上,计算机大类 人工智能 智能制造 机械大类 不限专业,民营企业,100-499人,,2026-07-15 15:21,HBZT8kYZcBVq4ARz9XPWy9
钢铁学生教练，训练钢铁侠,江西创焱智科数据有限公司,江西,3.0-5.0,10,专科及以上,计算机大类 人工智能 智能制造 机械大类 不限专业,民营企业,100-499人,,2026-07-15 15:21,UVD2gZebJrLMrEPhTok9Xm
机器人饲养员，教导它变成钢铁侠！!,江西创焱智科数据有限公司,江西,3.0-5.0,10,专科及以上,计算机大类 人工智能 智能制造 机械大类 不限专业,民营企业,100-499人,,2026-07-15 15:21,7QKuxmcA64PMBYZh5nK3Rs
机器人采集训练师-朝九晚六-包住宿,江西创焱智科数据有限公司,江西,3.0-5.0,20,专科及以上,计算机大类 人工智能 智能制造 机械大类 不限专业,民营企业,100-499人,,2026-07-15 15:21,TzUijgrBw3HodCpjDCDi45
外资汽车部件生产制造,天津中辉智造企业管理咨询有限公司,全国,5.0-6.0,20,不限,汽车 新能源 机电 电气 机械 工业机器人,民营企业,1-49人,,2026-07-15 15:21,AQbHzT2WvdZDjtrWmfP2WF
25届实习转正/全职机构教师【包住可小白】,大瀚(广州)文化有限公司,广东,7.0-9.0,15,本科及以上,物理 化学 汉语言 英语 数学,民营企业,100-499人,,2026-07-15 15:07,2u6RS4umxWrzBbg8Unu6V7
前台接待,宁波得力酒店管理有限公司宁海喜来登酒店分公司,浙江,2.5-3.0,4,专科及以上,酒店管理 旅游管理 会务管理 其他专业,民营企业,100-499人,,2026-07-15 14:54,KJ7WMJEba6ChuaqYdoYPp6
烹饪实习生,宁波得力酒店管理有限公司宁海喜来登酒店分公司,浙江,2.6-3.5,2,不限,烹饪相关专业,民营企业,100-499人,,2026-07-15 14:54,8dDSdNckxVRTnZTJ427XUG
餐饮服务员,宁波得力酒店管理有限公司宁海喜来登酒店分公司,浙江,2.5-3.0,6,专科及以上,酒店管理 旅游管理 会务管理 其他专业,民营企业,100-499人,,2026-07-15 14:54,2y3jAMSQFEijZuBSFRNpqM
前台接待,建德市资投酒店管理有限公司,浙江,2.5-3.0,2,不限,酒店管理 旅游管理 会务管理 其他专业,国有企业,100-499人,,2026-07-15 14:51,Wiyg22Vzc2S3HK5pWHWiit
餐饮服务员,建德市资投酒店管理有限公司,浙江,2.5-3.0,10,不限,酒店管理 旅游管理 会务管理 其他专业,国有企业,100-499人,,2026-07-15 14:51,XDE7RKc3gdiHvtMiU5YSnK
厨房实习生,建德市资投酒店管理有限公司,浙江,2.5-3.0,3,不限,烹饪,国有企业,100-499人,,2026-07-15 14:51,CfTephEhAjdLvtazVPwwdV
助剂开发实习生（实习1个月）,广州方中化工有限公司,广东,2.5-4.0,5,本科及以上,植物保护 农药学 化学类 材料类,民营企业,100-499人,,2026-07-15 14:42,MhrXdZa5fGEQ2YYD4pU9Yq
技术拆改配,上海华胄网络科技有限公司,上海,3.0-4.0,10,专科及以上,,民营企业,50-99人,,2026-07-15 14:23,MP2gDw1G1WuQ28hixcmvAx
环境设计（2027届实习生）专科,广州觉罗信息科技有限公司,福建,2.0-3.0,2,专科及以上,计算机，人工智能，建筑，设计，工程，软件，互联网，电子商务,民营企业,100-499人,,2026-07-15 11:01,LptVbwiwNGASKd1eoAatQ2
平面设计实习生,成都极光社科技有限公司,四川,2.0-3.0,1,本科及以上,广告视觉 平面设计 数字媒体,民营企业,1-49人,,2026-07-15 10:35,KuxuihneZDSU6CSiaSiyoD
具身智能机器人采集训练师-包住宿-氛围好,中穆海诚（嘉兴）科技有限公司,浙江,3.0-5.0,10,专科及以上,计算机大类 人工智能 智能制造 机械大类 不限专业,民营企业,100-499人,,2026-07-15 10:32,5nmNxihhjjmrgFJ6nJAMSf
AI数据训练师-可开实习证明-包住宿,中穆海诚（嘉兴）科技有限公司,浙江,3.0-5.0,10,专科及以上,计算机大类 人工智能 智能制造 机械大类 不限专业,民营企业,100-499人,,2026-07-15 10:32,Pi5x7Mde8vxKTd1Ttf7b7a
办公室实习生2027届,安徽三颗花生网络科技有限公司,福建,2.0-4.0,2,专科及以上,计算机，人工智能，建筑，设计，工程，软件，互联网，电子商务,民营企业,50-99人,,2026-07-15 10:28,9sE5QR5LFRQSMUDaP9GxTi
销售助理 ,中景纬视（苏州）光学科技有限公司,江苏,4.5-6.5,2,专科及以上,眼视光 医学,民营企业,50-99人,,2026-07-15 09:43,JGv2AiSYFWmqMoUeJoFN27
太原小店区 数据采集,北京瑞世盛誉科技发展有限公司,山西,3.0-4.0,10,专科及以上,,股份制企业,100-499人,,2026-07-15 09:22,7PRgZXuuctgiP1DZ7efHdQ
太原市小店区数据采集,北京互联智行科技有限公司,山西,3.0-4.0,10,专科及以上,,民营企业,100-499人,,2026-07-15 09:21,6GuTbwAZ4fECZn7bGyh1EW
品牌运营-实习生,江苏新广华机电工程有限公司,江苏,3.0-5.0,2,专科及以上,,民营企业,50-99人,,2026-07-15 09:15,TpGbV4RPzdezTWWEhdNq2V
前台接待,苏州工业园区金鸡湖大酒店有限公司阳澄湖澜廷酒店,江苏,3.6-4.5,30,不限,酒店管理 市场营销 财务管理 旅游管理 新媒体营销 工商管理,国有企业,100-499人,五险一金，岗位晋升，弹性工作，定期体检，高温补贴,2026-07-15 08:59,VFVrQpMPnV2uWZyC1xFh7D
客房服务员,苏州工业园区金鸡湖大酒店有限公司阳澄湖澜廷酒店,江苏,3.0-3.5,50,专科及以上,酒店管理 市场营销 财务管理 旅游管理 新媒体营销 工商管理,国有企业,100-499人,五险一金，岗位晋升，弹性工作，定期体检，高温补贴,2026-07-15 08:59,D8eAyfrKU6NbvsQJeUK7q9
前厅部    前台接待,苏州工业园区金鸡湖大酒店有限公司阳澄湖澜廷酒店,江苏,3.0-3.5,50,专科及以上,酒店管理 旅游管理 财务管理 市场营销,国有企业,100-499人,五险一金，岗位晋升，弹性工作，定期体检，高温补贴,2026-07-15 08:59,GGcVXXrQwasNZmyEZUwo5Y
HR 人事 招聘解答 专员,青岛昂丰人力资源有限公司,山东,6.0-8.0,4,专科及以上,人力资源 会计 计算机 销售 客服 电商 大数据 学前教育 物业 工商管理 智能制造 电气自动化,其他,500-999人,五险一金，岗位晋升，技能培训，弹性工作，绩效奖金，节日礼物，提供住宿,2026-07-14 19:32,Qycsw7t6zsmtBgnVwDJPvK
冲压 模具 数控 生产操作技工,黄岛区万立宝机械中心,山东,7.0-8.0,10,专科及以上,材料 智能制造 机电一体化技术 模具设计与制造 机械制造与自动化 数控技术 智能控制电气自动化技术 工业机器人技术 智能机器人技术 制冷与空调技术,其他,100-499人,五险一金，带薪年假，技能培训，弹性工作，定期体检，年底双薪，绩效奖金，高温补贴，节日礼物，零食水果,2026-07-14 18:49,K2dGzcmKfeobozc72EFFHD
车险专员,中国大地财产保险股份有限公司长沙中心支公司,湖南,3.0-6.0,5,专科及以上,,股份制企业,5000以上,五险一金，带薪年假，岗位晋升，技能培训，绩效奖金，住房补助，提供住宿,2026-07-14 15:10,qRnsgyQ6TgQFjgYc2eBK8
汽车销售,浙江五菱汽车销售服务有限公司,浙江,10.0-15.0,10,专科及以上,汽车检测与维修 汽车营销 汽车商务 新能源技术,民营企业,100-499人,,2026-07-14 14:42,WWY3rUT7zWvVjfQZyQy1hF
CNC数控技术员,江苏瑞尔隆鼎实业有限公司,江苏,5.5-6.5,50,专科及以上,数控技术 机电 机械 自动化,民营企业,100-499人,岗位晋升，技能培训，年终奖，高温补贴，免费加班餐，提供住宿，班车接送,2026-07-14 10:50,Eer2nf9uqRjcwcVxYi4tM1
行政实习,连洋航务集团有限公司,上海,2.0-5.0,1,本科及以上,人力资源管理 劳动关系 秘书学 行政管理 档案学 旅游管理 酒店管理 外语,民营企业,100-499人,五险一金，岗位晋升，技能培训，扁平管理，绩效奖金，午餐补助，高温补贴，零食水果,2026-07-14 10:37,UCWoNasX4LWtzAzaQkxQP5
设备操作员（实习生）,广东弘景光电科技股份有限公司,广东,5.5-7.0,60,专科及以上,自动化 电气自动化技术 数控技术 机电一体化技术 工业机器人技术 机器人工程 磨具设计与制造 机械制造与自动化 机械装备制造技术 机械设计制造与自动化 电气工程及其自动化 机械设计与制造 智能控制技术 智能制造装备技术 工业机器人技术 新能源汽车技术 汽车检测与维修专业 汽车电子技术 汽车制造与装配技术 电子信息工程 计算机应用技术 无人机应用技术 电子信息工程技术,股份制企业,1000-4999人,五险一金，带薪年假，岗位晋升，技能培训，定期体检，年底双薪，绩效奖金，节日礼物，提供住宿,2026-07-14 09:53,3huo9SbqcYEKkMvF8eQNEp
自动焊接工艺实习生,黄岛区万立宝机械中心,山东,7.0-8.0,15,专科及以上,焊接 智能制造 机电一体化技术 模具设计与制造 机械制造与自动化 数控技术 智能控制电气自动化技术 工业机器人技术 智能机器人技术,其他,100-499人,五险一金，带薪年假，技能培训，弹性工作，定期体检，年底双薪，绩效奖金，高温补贴，节日礼物，零食水果,2026-07-14 09:09,QZECa6ViaJ3cMZGcpJzBu7
【仔细阅读后投递】2027届6个月以上普工实习生,东南（福建）汽车工业股份有限公司,福建,4.0-5.5,100,专科及以上,汽车 机械 新能源 自动化 机械设计制造类 机电设备类 自动化类 铁道装备类 船舶与海洋工程装备类 航空装备类 汽车制造类,国有企业,5000以上,五险一金，带薪年假，岗位晋升，技能培训，定期体检，扁平管理，绩效奖金，午餐补助，提供住宿，班车接送,2026-07-14 08:47,6R28iKBdSo4H7jiF23t3iJ
环境设计（2027届实习生）专科,浙江寿海农业开发有限公司,江西,2.0-5.0,2,专科及以上,计算机，人工智能，建筑，设计，工程，软件，互联网，电子商务,民营企业,1-49人,,2026-07-14 08:21,M1s2yHzq9uCtACBjK2eAob
新媒体/AI应用方向实习生,江苏常居房地产营销策划有限公司,江苏,3.0-5.0,2,专科及以上,数字媒体技术,民营企业,1000-4999人,五险一金，带薪年假，岗位晋升，技能培训，弹性工作，年终分红，扁平管理，专项奖金，绩效奖金，节日礼物,2026-07-14 08:16,TKiWJ7oDmn5HGQ7gH62CRB
结构设计师,武汉骅耀工程技术有限公司,湖北,3.0-5.0,3,专科及以上,结构工程 建筑工程 土木工程,民营企业,1-49人,,2026-07-14 23:00,QvMRxo8c9D7xtuzGqP2Uzi
国企销售实习生（提供房补餐补）,中国大地财产保险股份有限公司海南分公司,广东,5.0-10.0,8,专科及以上,,股份制企业,500-999人,带薪年假，岗位晋升，技能培训，年终奖，节日礼物,2026-07-14 18:55,GQV2PCUs9DcmZtVDBTJt9v
测量实习生,浙江交工装备工程有限公司,浙江,2.0-3.0,3,专科及以上,测量 测绘,国有企业,100-499人,,2026-07-14 16:39,5C8zb6JS7JTJj9VxvdcuYY
幼儿园实习生,金职伟业集团有限公司,全国,1.5-2.5,100,专科及以上,婴幼儿托育服务与管理专业/早期教育教育专业/护理学专业,民营企业,100-499人,,2026-07-14 16:15,KgMJkJdu2icgiAdUXKcGq6
幼儿园配班老师,金职伟业集团有限公司,全国,1.5-2.5,100,专科及以上,婴幼儿托育服务与管理专业/早期教育教育专业/护理学专业,民营企业,100-499人,,2026-07-14 16:15,DF2MLmZ2iYy6aw4DKHR4H4
基恩士2027校园大使招募,基恩士（中国）有限公司,全国,1.0-3.0,10,本科及以上,,外商独资/外企代表处,员工数量,,2026-07-14 16:14,AGf7GJbBZ7NJpAoTA1vLY5
审计实习生（审计助理方向）,北京亚联拓博科技有限公司,北京,2.0-2.5,40,本科及以上,会计学 财务管理 审计学 税务 金融 经济学,民营企业,1-49人,,2026-07-14 16:08,2J18Xh5Taf1KKtBghQsmS7
网络运营,宁波悦洋医疗科技有限公司,浙江,2.0-4.0,2,专科及以上,市场营销/电子商务/网络营销/医疗器械经营/其他,民营企业,1-49人,,2026-07-14 15:36,EWmGEgjETBN3pZo6KyTML9
猎头顾问助理,冰鉴人才信息科技（青岛）有限公司,山东,3.0-5.0,0,专科及以上,物流管理 人力资源,民营企业,50-99人,五险一金，技能培训，扁平管理，专项奖金,2026-07-14 15:11,AP1xc6FuLjv5me5HjuMFaD
猎头顾问实习生,冰鉴人才信息科技（青岛）有限公司,山东,2.0-3.0,3,不限,专业不限,民营企业,50-99人,五险一金，技能培训，扁平管理，专项奖金,2026-07-14 15:11,47NhRWnTHoJ1WkPMTp4xK3
AI视频剪辑实习生,北京鼎帷管理顾问有限公司,重庆,2.0-3.0,2,本科及以上,,民营企业,1-49人,五险一金，带薪年假，岗位晋升，技能培训，扁平管理，年度旅游，节日礼物,2026-07-14 15:03,9ngyRRv9bLMpoPEWo8bgTu
人力资源研究实习生,北京鼎帷管理顾问有限公司,重庆,2.0-3.0,5,本科及以上,,民营企业,1-49人,五险一金，带薪年假，岗位晋升，技能培训，扁平管理，年度旅游，节日礼物,2026-07-14 15:02,7KyFuJ9fSPEzmgoNfdsBSo
行研实习生,北京鼎帷管理顾问有限公司,重庆,2.0-3.0,5,本科及以上,,民营企业,1-49人,五险一金，带薪年假，岗位晋升，技能培训，扁平管理，年度旅游，节日礼物,2026-07-14 15:01,7qw36Tq8BKBPeqxDRR5KDT
AI视频剪辑实习生,北京鼎帷管理顾问有限公司,重庆,2.0-3.0,2,本科及以上,,民营企业,1-49人,五险一金，带薪年假，岗位晋升，技能培训，扁平管理，年度旅游，节日礼物,2026-07-14 14:53,MRYx9L4L4UpSWNURE2u5TC
人力资源研究实习生,北京鼎帷管理顾问有限公司,重庆,2.0-3.0,3,本科及以上,,民营企业,1-49人,五险一金，带薪年假，岗位晋升，技能培训，扁平管理，年度旅游，节日礼物,2026-07-14 14:52,F4YQM5WSCGPueMVWFzXL93
行研实习生,北京鼎帷管理顾问有限公司,重庆,2.0-3.0,5,本科及以上,,民营企业,1-49人,五险一金，带薪年假，岗位晋升，技能培训，扁平管理，年度旅游，节日礼物,2026-07-14 14:50,QQpn2JuCJWwsZUJLt8ye4y
人事实习生,露乐健康科技（上海）有限公司,上海,3.0-4.0,1,本科及以上,人力资源管理,民营企业,1000-4999人,,2026-07-14 13:44,3jKLuZ95ZDfT7DJ2pgmKMc
计算机实习生2027届,上海辉然档案信息技术有限公司,全国,2.0-5.0,6,专科及以上,计算机，人工智能，建筑，设计，工程，软件，互联网，电子商务,民营企业,100-499人,,2026-07-14 13:10,3gWVCfUeqgR8r5v1TU6Tuz
基恩士2027校园大使招募,基恩士（中国）有限公司,全国,1.0-3.0,10,本科及以上,,外商独资/外企代表处,员工数量,,2026-07-14 13:06,Dhvkuu7ARCrguVAZ2nrZjQ
应届生（机械）,浙江美亚特精密机械有限公司,浙江,6.0-8.0,10,专科及以上,数控技术、机电一体化、机械设计及制造、机器人技术,民营企业,100-499人,,2026-07-14 12:07,XZrTohYtdQdEvNR2caacxc
应届生（销售）,浙江美亚特精密机械有限公司,浙江,5.0-8.0,2,专科及以上,数控技术、机电一体化、机械制造及自动化、机器人技术、市场营销、,民营企业,100-499人,,2026-07-14 12:07,VEuiHGBFs3iqRJBs6QXNiB
前台/会服/文员（提供食宿）[实习]——前台/会服/文员（提供食宿[实习]——,北京泛舟科怡科技有限公司,北京,3.0-5.0,5,不限,,民营企业,1-49人,,2026-07-14 11:35,5q1jpji28FY52kZYuA9dXw
技术员,天津东皋膜技术有限公司,天津,4.0-6.0,50,专科及以上,,股份制企业,100-499人,,2026-07-14 11:08,CnrDYPEQ1BcjkYyUa5cfHJ
石家庄 视频剪辑 ,北京瑞世盛誉科技发展有限公司,河北,3.0-5.0,10,本科及以上,,股份制企业,100-499人,,2026-07-14 10:04,ALVikgNm3MPvE87uNKNotE
烹饪后厨实习生,上海昂达餐饮管理有限公司,上海,3.8-20.0,500,不限,烹饪、烘焙、西点、高级饭店经营与管理,民营企业,500-999人,五险一金，岗位晋升，技能培训，年终分红，股票期权，定期体检，年终奖，年底双薪，免费加班餐，提供住宿,2026-07-14 09:46,JktKmvwbPYB92CpNkiHEpq
业务专员（实习）,北京外航服务有限责任公司,上海,2.7-3.0,1,本科及以上,英语 经济管理,国有企业,1-49人,,2026-07-14 09:24,LCy42VHqiRziqFfzPBudR9
智能清洁机器人组装,天津中辉智造企业管理咨询有限公司,天津,4.0-6.0,20,专科及以上,机电 电气 机械 新能源 电子信息 物联网 机器人 无人机 自动化 微电子,民营企业,1-49人,,2026-07-14 09:13,N2Sct2HacALx6JkA52Mno9
编辑实习生,上海交通大学出版社有限公司,上海,0.8-1.0,2,硕士及以上,,国有企业,100-499人,,2026-07-14 09:06,HtFFgHozojRerEDRZ23TzJ
校园学术运营助理,温斯顿合创（山东省）人工智能科技有限公司,全国,5.0-10.0,100,本科及以上,计算机类 电子信息类 自动化类 电气类 机械类 土木类 交通运输类 航空航天类 船舶与海洋工程类 控制科学与工程 仪器类 材料类 化工与制药类 环境科学与工程类 能源动力类 矿业类 安全科学与工程类 测绘类 水利类 建筑类 工商管理类 金融学类 经济学类 会计学 财务管理 法学类 教育学类 中国语言文学类 新闻传播学类 外国语医学类 护理学类 药学类 公共言文学类 数学类 统计学类 物理学类 化学类 生物科学类,外商独资/外企代表处,1-49人,技能培训，专项奖金，绩效奖金,2026-07-14 08:34,TwJez6uEGuSBE7Er7H9ctE
计算机（暑假工）2028届2029届,龙口携手传媒有限公司,江西,2.0-3.0,4,专科及以上,计算机，人工智能，建筑，设计，工程，软件，互联网，电子商务,民营企业,50-99人,,2026-07-14 08:16,FZuJtmcGorJvyUoCtoMjF
室外测绘实习生,安徽保进建设工程有限公司,全国,2.0-3.0,4,专科及以上,建筑，测量，测绘，工程，造价，设计，物业，绘图、园林、环境设计,民营企业,1-49人,,2026-07-14 08:14,6wU2Tahwqu9gETqSC7ups8
建筑造价,浙江豪阁建设有限公司,浙江,1.0-10.0,1,不限,建筑类、工程造价,民营企业,50-99人,,2026-07-14 08:05,8x4V1Mf4gdW3ZHP3n7tNL9
品质技术员,中汽新能（无锡）电池科技有限公司,江苏,5.0-6.0,20,专科及以上,汽修 新能源 机电 电气 自动化 工业机器人 人工智能 化工 计算机,国有企业,1000-4999人,五险一金，技能培训，午餐补助，提供住宿,2026-07-13 23:34,UrUtHVkuYXjHXMC1yoMX4w
设备技术员,中汽新能（无锡）电池科技有限公司,江苏,5.0-6.0,20,专科及以上,汽修 新能源 机电 电气 自动化 工业机器人 人工智能 化工 计算机,国有企业,1000-4999人,五险一金，技能培训，午餐补助，提供住宿,2026-07-13 23:21,S9Cf1h2AsHzaSD4ik99nWm
生产技术员,中汽新能（无锡）电池科技有限公司,江苏,5.0-6.0,20,专科及以上,汽修 新能源 机电 电气 自动化 工业机器人 人工智能 化工 计算机,国有企业,1000-4999人,五险一金，技能培训，午餐补助，提供住宿,2026-07-13 23:17,VYCa4SLk5N8wMFCEWMum5q
电商视觉设计实习生,深圳市方寸灵诺科技有限公司,广东,5.0-8.0,1,本科及以上,,股份制企业,1-49人,,2026-07-13 18:25,9sYDcDaJqZ5fBxWipLWFtq
世界模型算法实习生,深圳市方寸灵诺科技有限公司,广东,5.0-8.0,1,不限,,股份制企业,1-49人,,2026-07-13 18:24,87PFDtt5zsjucFBK3oRi6H
插画与角色设计实习生,深圳市方寸灵诺科技有限公司,广东,5.0-8.0,1,不限,,股份制企业,1-49人,,2026-07-13 18:21,LTHwknAg4JHm1A2XcxSRNN
汽车制造生产学徒,芜湖捷途汽车销售有限公司,安徽,5.0-8.0,50,专科及以上,汽车制造与装配技术 建筑工程技术 计算机应用技术 机电一体化技术 工业机器人技术 新能源汽车技术 新能源汽车检测与维修技术 电气自动化 数控技术 智能焊接技术 城市轨道交通运营管理 电子应用技术 物联网技术 模具设计 车辆工程 机械设计制造 土木工程 电气工程 自动化 新能源装备技术 汽车检测与维修技术 机电设备技术 机械制造及自动化 电子信息工程技术 智能控制技术 焊接技术 智能制造技术 应用电子技术,民营企业,1000-4999人,五险一金，带薪年假，岗位晋升，技能培训，定期体检，高温补贴，节日礼物，免费加班餐，提供住宿，班车接送,2026-07-13 15:47,D2JAFLALFLLSbZmzApNDhx
财务BP,杭州虹翼信息科技有限公司,浙江,3.0-3.2,1,本科及以上,财务,民营企业,1-49人,带薪年假，岗位晋升，弹性工作,2026-07-13 14:44,RLpij1mae1nxnG6pQQM7Y
行政专员,杭州虹翼信息科技有限公司,浙江,3.0-3.2,1,本科及以上,,民营企业,1-49人,带薪年假，岗位晋升，弹性工作,2026-07-13 14:43,CpyKmEFGwaybhQTvUBnC7q
秘书岗,杭州虹翼信息科技有限公司,浙江,3.0-3.2,1,本科及以上,,民营企业,1-49人,带薪年假，岗位晋升，弹性工作,2026-07-13 14:42,KksxeVzZeoPbtmNeoAuKG9
【27届】产品工程储备技术员 | 包吃住+双休+有人带,广东创世纪智能装备集团股份有限公司,江苏,5.0-7.0,25,专科及以上,自动化 机电一体化 电气自动化 数控技术 模具设计 机械制造 制造业 机电,上市公司,5000以上,带薪年假，岗位晋升，技能培训，绩效奖金，节日礼物，零食水果,2026-07-13 12:33,KyxTJ7JGDCqSRsrtJLocon
 27届实习储备干部+周末双休+不上夜班,柯尼卡美能达商用科技（东莞）有限公司,广东,5.0-6.0,30,专科及以上,机械工程 机械设计制造及其自动化 工业工程 材料科学与工程 高分子材料与工程 电子信息工程 电气工程及其自动化 自动化 控制工程 仪器科学与技术 计算机科学与技术 过程装备与控制工程 车辆工程 航空航天工程 工业设计 精密仪器与机械 机电一体化工程 测控技术与仪器 机器人技术 新能源科学与工程 信息与通信工程 建筑环境与能源应用工程 制造工程与自动化 能源与动力工程 航空电子工程 光电信息科学与工程 物流工程 数据科,合资企业,1000-4999人,五险一金，岗位晋升，年终分红，年终奖，年底双薪，交通补助，节日礼物，免费加班餐，零食水果，提供住宿,2026-07-13 12:18,BmT25BVdwNi1Yh2cWaY5Vo
生产技术员,芜湖普威技研有限公司,安徽,5.5-8.0,35,专科及以上,数控 模具 机电一体化 自动化 电气 电子（信息）类 机械（电子/设计）工程类 应用电子类 机器人 智能类,民营企业,500-999人,五险一金，带薪年假，岗位晋升，技能培训，提供住宿,2026-07-13 11:43,FjJg33XZFb9Mrb8oPgSvmH
储备干部实习生,尼得科电机（浙江）有限公司,浙江,5.5-7.0,20,专科及以上,数控 模具 机电一体化 自动化 电气 电子（信息）类 机械（电子/设计）工程类 应用电子类 机器人 智能类,外商独资/外企代表处,1000-4999人,五险一金，带薪年假，岗位晋升，年终奖，年底双薪，高温补贴，零食水果,2026-07-13 11:26,5iwDAGc7v282e7Dmeh6q51
【26届】智能制造实习生储干,东莞市联光科技有限公司,广东,5.0-7.0,20,专科及以上,机电一体化 工业机器人 汽车工程类 大数据技术 电气自动化 工业过程自动化技术 新能源汽车 智能焊接技术 数控技术 智能制造 电子应用技术 电子设备维修 计算机技术,民营企业,500-999人,五险一金，带薪年假，岗位晋升，技能培训，年终奖，年底双薪，绩效奖金，交通补助，高温补贴，提供住宿,2026-07-13 10:56,9agAffuiEdBWuNnhgCegH2
中企盈飞（北京）会计服务有限公司,中企盈飞（北京）会计服务有限公司,上海,2.0-3.0,10,专科及以上,会计专业或者财务管理专业,民营企业,50-99人,岗位晋升，技能培训，绩效奖金，提供住宿,2026-07-13 10:54,14Jkpb8bLX1dFCd2419SUC
cnc实习生/学徒,东莞市华茂电子集团有限公司,广东,8.0-10.0,25,专科及以上,自动化 机电一体化 电气自动化 数控技术 模具设计 机械制造 制造业 机电,民营企业,5000以上,五险一金，带薪年假，岗位晋升，年终奖，年度旅游，提供住宿，班车接送,2026-07-13 10:36,HcgVhKPDK82szTDCtiA2YT
乌镇-AI人工智能训练师,泰安聚星信息科技有限公司,浙江,2.0-5.0,30,专科及以上,计算机 人工智能 编程 大数据 网络技术 物联网 行政,民营企业,100-499人,岗位晋升，绩效奖金，住房补助，节日礼物，提供住宿,2026-07-13 10:18,ToVu854cpofg8J3WXgdxfT
EDA软件测试工程师,苏州异格技术有限公司,江苏,7.0-9.0,3,本科及以上,,民营企业,100-499人,五险一金，带薪年假，年终分红，股权激励，交通补助，午餐补助,2026-07-13 09:53,DJeCvrr4S8xnXHNmdhEvZa
机械零件总装 装配操作员,黄岛区万立宝机械中心,山东,6.0-8.0,10,专科及以上,工科 理工类 机电一体化 机械 模具 数控 车床 冲压 制冷 机器人 电气自动化 车辆 新能源 材料,其他,100-499人,五险一金，带薪年假，技能培训，弹性工作，定期体检，年底双薪，绩效奖金，高温补贴，节日礼物，零食水果,2026-07-13 08:47,G3QsMXshwT95BNHTpKQFBW
行业研究实习生,上海元哲信息咨询有限公司,上海,2.0-5.0,3,本科及以上,经济学 统计学 商科 计算机 数学市场营销 其他,民营企业,1-49人,五险一金，技能培训，定期体检，专项奖金，节日礼物，免费加班餐，零食水果,2026-07-13 08:46,4FT7JrH7zvaetugF82VraU
项目助理实习生,神州优信（北京）科技有限公司,河北,1.5-3.0,6,专科及以上,,民营企业,50-99人,,2026-07-13 18:24,56MsGs6zqR9cm7RTvk2Daj
电子线路技术岗（实习生培养方向）,无锡东洋电器有限公司,江苏,5.5-7.5,100,专科及以上,计算机 机电一体化 人工智能 机械设计 软件工程 通信工程 电子信息工程 电气工程及其自动化 机械电子工程 工业机器人 自动化,民营企业,500-999人,岗位晋升，技能培训，弹性工作，扁平管理,2026-07-13 17:33,KFRBcjVHuKBHH7AaN5WFWe
品质管理(实习生培养方向),无锡东洋电器有限公司,江苏,5.5-7.5,100,专科及以上,计算机 机电一体化 人工智能 机械设计 软件工程 通信工程 电子信息工程 电气工程及其自动化 机械电子工程 工业机器人 自动化,民营企业,500-999人,岗位晋升，技能培训，弹性工作，扁平管理,2026-07-13 17:28,Tkj54iNZzs2dtuNpix1Zy7
实习生,上海德觅工程咨询有限公司,上海,2.0-2.5,1,本科及以上,,民营企业,50-99人,,2026-07-13 17:16,VAsb1Lo5NomiNwn7ABRARY
外贸AI产品经理,晨珲信息科技（广州）有限公司,广东,8.0-12.0,1,本科及以上,计算机 人工智能 AI智能,民营企业,1-49人,,2026-07-13 15:28,Pmz7rFZA7cz9TFduBntzXC
宠物医疗助理实习生,瑞派宠物医院管理股份有限公司,全国,1.0-2.5,30,专科及以上,,股份制企业,1000-4999人,岗位晋升，绩效奖金，年度旅游，午餐补助，提供住宿,2026-07-13 15:21,53Qbu4Xv691sTK73qLTNn2
IT网络-实习生,张家港扬子纺纱有限公司,江苏,2.0-3.0,1,本科及以上,计算机；电子工程；软件；电路；数据分析；,合资企业,1000-4999人,五险一金，带薪年假，岗位晋升，技能培训，定期体检，年底双薪，专项奖金，年度旅游，午餐补助，提供住宿,2026-07-13 15:06,DLkZUvq88q5yLAJXZu3kGq
整车制造技术岗,北汽蓝谷麦格纳汽车有限公司,江苏,7.0-8.0,50,专科及以上,汽车制造与装配技术 机电一体化技术 工业机器人技术 新能源汽车技术 机械设计制造及其自动化 智能网联汽车技术 汽车电子技术,合资企业,500-999人,五险一金，带薪年假，岗位晋升，定期体检，绩效奖金，交通补助，午餐补助，高温补贴，通讯津贴，节日礼物,2026-07-13 14:23,7VtnLDTMj8G5T3PZ1E17Q4
管培生,上海隅庭公寓管理有限公司,上海,8.0-12.0,15,专科及以上,,民营企业,100-499人,,2026-07-13 12:09,GcqxfofuXFBPmHNm6GYEoy
实习生,艾莎（北京）企业管理咨询有限公司,全国,2.0-5.0,100,本科及以上,人力资源管理专业 企业战略 工商管理 市场营销 法律 财务管理,民营企业,1-49人,,2026-07-13 11:57,FoYHYPNaV5YHxd6rdtvGWb
低压电工技术员（电工证加薪）,庆虹电子（苏州）有限公司,江苏,7.0-9.0,30,专科及以上,机电一体化 工业机器人 汽车工程类 大数据技术 电气自动化 工业过程自动化技术 新能源汽车 智能焊接技术 数控技术 智能制造 电子应用技术 电子设备维修 计算机技术 电力,民营企业,1000-4999人,五险一金，带薪年假，岗位晋升，技能培训，提供住宿,2026-07-13 11:10,SVgiqYJGmXLMaz7WfQbQEF
 【26/27届】电子类实习生,艺唯科技股份有限公司,江苏,5.5-6.0,25,专科及以上,计算机/网络/技术类 电子/电器/通信技术类 技工类 质量管理类 机械制造 电气能源 机电一体化 工业机器人 数控技术 智能制造 电子应用技术 电子设备维修 计算机 电子信息工程,股份制企业,500-999人,五险一金，带薪年假，岗位晋升，技能培训，年终奖，提供住宿,2026-07-13 10:47,J9TDviVxFqMV1CAY4BBJTk
见习生,上海赛坤实业有限公司,上海,3.0-4.0,6,本科及以上,电气自动化,民营企业,1-49人,,2026-07-13 10:40,A1ZNs3ZqsuYxhUrq6PuFC1
电话销售,德州市锦昱电子商务有限公司,山东,2.0-4.0,1,专科及以上,室内设计,民营企业,1-49人,,2026-07-13 10:09,CUVRXvJaD5woXfUt2qb5ru
人力资源专员/助理,上海齐聚新材料科技有限公司,上海,3.0-5.0,1,本科及以上,人力资源,民营企业,1-49人,五险一金,2026-07-13 09:06,X3kkYQTJtacKt1sbwWe9W5
销售管培生（实习生）,上海齐聚新材料科技有限公司,上海,4.0-5.0,2,本科及以上,化学类 物理学 材料科学与工程类 环境科学与工程类 理学类 数学类 化学类 材料类 化工技术类 材料与化学 能源动力类 材料与化工类 高分子材料 管理科学与工程类 非金属材料类 能源动力与材料类 经济学 经济管理类 电子商务 管理科学 英语 国际贸易 国际英语,民营企业,1-49人,五险一金,2026-07-13 09:06,EZQxLD8kJKryqBvhzxoBJA
客服经理,福建高芬教育科技有限公司,福建,3.0-10.0,10,专科及以上,公共管理 行政管理 人力资源 经济 金融 国贸 计算机 财会 学前 早教 师范 小学教育 英语 汉语言文学,民营企业,50-99人,带薪年假，岗位晋升，股票期权，专项奖金，绩效奖金，年度旅游，午餐补助，通讯津贴，节日礼物，提供住宿,2026-07-13 07:16,NkjDqJNovWGVfw1qwFkWju
花卉生产技术员,绿汀园艺科技（盐城）有限公司,江苏,2.6-2.8,10,本科及以上,植物保护 园艺 农学,民营企业,1-49人,,2026-07-13 02:09,HYqNirGEFY8Zf2HdMWM8EV
【26届】技术储备干部 / 系统集成实习生,长沙市威图电子科技有限公司,湖南,5.0-7.0,15,专科及以上,机电一体化 工业机器人 汽车工程类 大数据技术 电气自动化 工业过程自动化技术 新能源汽车 智能焊接技术 数控技术 智能制造 电子应用技术 电子设备维修 计算机技术,民营企业,500-999人,,2026-07-13 08:56,NjPvQKhCL2VSBRaGWj3RfM
 汽车总装装配岗,重庆睿蓝汽车科技有限公司,重庆,5.0-7.5,50,专科及以上,汽车制造与装配技术 汽车制造类 建筑工程技术 计算机应用技术 车辆工程 机械设计制造及其自动化 机电一体化技术 工业机器人技术 新能源汽车技术 电气自动化 土木工程 电子应用技术 物联网技术 数控技术 智能焊接技术 轨道交通运输 土木水利 城市轨道交通运营管理 建筑装饰工程技术 工商企业管理 企业、公共管理 交通信息工程及控制 智能制造工程 焊接技术与工程 大数据技术与应用 无人机应用技术 风力发电工程技术 模具设计,民营企业,1000-4999人,五险一金，岗位晋升，技能培训,2026-07-12 19:01,ScEzXm96KbkZJsXNkxm7Zf
汽车整车制造（操作工）,长兴吉利汽车实业有限公司,浙江,6.0-8.0,15,专科及以上,汽车制造与装配技术 建筑工程技术 计算机应用技术 机电一体化技术 工业机器人技术 新能源汽车技术 新能源汽车检测与维修技术 电气自动化 数控技术 智能焊接技术 城市轨道交通运营管理 电子应用技术 物联网技术 模具设计 车辆工程 机械设计制造 土木工程 电气工程 自动化 新能源装备技术 汽车检测与维修技术 机电设备技术 机械制造及自动化 电子信息工程技术 智能控制技术 焊接技术 智能制造技术 应用电子技术,民营企业,5000以上,五险一金，岗位晋升，技能培训，年终奖，提供住宿，班车接送,2026-07-12 18:54,17jhW7Bg2qaR3Ez76pHdks
储备店长,南京虹启旭食品有限公司,江苏,4.0-6.0,5,专科及以上,,其他,100-499人,五险一金，岗位晋升，技能培训，扁平管理，年度旅游，提供住宿,2026-07-12 16:17,6cnWSzbHN4QbxjdE8ZuL3T
课程顾问实习生,启航培优（广州）教育科技有限公司,广东,3.0-10.0,5,专科及以上,,其他,1-49人,,2026-07-12 11:13,3e8QHjh3HLXanuEQ9GLZZN
市场实习生,南京虹启旭食品有限公司,江苏,6.0-10.0,5,专科及以上,市场营销,其他,100-499人,五险一金，岗位晋升，技能培训，扁平管理，年度旅游，提供住宿,2026-07-11 11:23,MFbcsvBkLXe6xN4mLdRBcZ
实习生,湖南新苏信息技术有限公司,湖南,3.0-8.0,20,专科及以上,专业不限,民营企业,1-49人,带薪年假，岗位晋升，弹性工作，绩效奖金，节日礼物,2026-07-11 14:06,FhdGnuYmQ1Ryf81dZENgt6
新媒体运营,优策互动（北京）文化传媒有限公司,北京,4.0-6.0,0,专科及以上,新闻 传播 广播电视编导 广告学 汉语言文学 中文 新媒体 媒体技术,民营企业,100-499人,带薪年假，岗位晋升，专项奖金，绩效奖金，节日礼物,2026-07-11 13:20,dv7bWMa1LVT83v4e4i7aq
服务岗,星之航（陕西）航空服务有限公司,北京,3.5-5.5,34,专科及以上,,民营企业,100-499人,,2026-07-11 11:20,Wgbvvd96yMimEPBm6qN1cH
海尔直招管培生,上海海尔洗涤电器有限公司,上海,6.0-9.0,100,专科及以上,,上市公司,500-999人,,2026-07-11 09:34,4r6ua46aLx5d8fbsodE63P
电脑文员,黑龙江省文东信息技术咨询服务有限责任公司,黑龙江,3.0-5.0,20,专科及以上,计算机 大数据 软件 网络 人工智能 自动化 物联网 互联网,民营企业,100-499人,,2026-07-11 09:22,N2aUHbisSdt3CN6mwaLqWs
海外广告投放（游戏化智能硬件方向）,深圳市方寸灵诺科技有限公司,广东,5.0-8.0,1,本科及以上,,股份制企业,1-49人,,2026-07-10 19:07,UAB2sQ3mPQToQwiNWtGEt5
内容/短视频运营实习生（英文短视频/众筹预热方向）,深圳市方寸灵诺科技有限公司,广东,8.0-10.0,1,本科及以上,,股份制企业,1-49人,,2026-07-10 19:05,2hT4vbXFdnYJJt48yWcmk9
海外玩家社区运营（Discord 方向）,深圳市方寸灵诺科技有限公司,广东,3.0-6.0,1,本科及以上,,股份制企业,1-49人,,2026-07-10 18:50,V1jxM9nRunsKE3EYGP67sQ
商业项目管理助理实习生,深圳市方寸灵诺科技有限公司,广东,3.0-6.0,1,本科及以上,,股份制企业,1-49人,,2026-07-10 18:43,ChTuWZGNtZ96E5dwqHHEcC
安检员,深圳市地铁集团有限公司运营总部,广东,4.0-6.0,20,专科及以上,城市轨道交通运营管理 城市轨道交通机电技术 铁道交通运营管理 道路桥梁工程技术 土木工程 建筑工程技术 现代物流管理 工商企业管理 公共事务管理 社区管理与服务 机电一体化技术 电气自动化技术 计算机应用技术 应用电子技术 电子信息工程技术 大数据技术 旅游管理 酒店管理 安全防范技术 应急救援技术 现代物业管理 市场营销 电子商务 工程造价 工程测量技术 智能控制技术 机电设备技术,国有企业,1000-4999人,五险一金，岗位晋升，弹性工作，提供住宿,2026-07-10 12:22,UkVEiL8RitdHA5YZNdSmdV
新媒体运营专员,睡无忧光科技（重庆）有限公司,重庆,3.0-5.0,0,专科及以上,新媒体运营 播音主持 编辑编导 新闻,民营企业,1-49人,五险一金,2026-07-10 10:20,V9jnvY6T9kBBmKxfYqsfqR
招生客服,云南明野教育发展有限公司,云南,5.0-8.0,15,不限,,民营企业,100-499人,,2026-07-10 17:58,2uyyNs5rqGhKsCkhfRudxJ
实习生,陕西东旭紫瑞人力资源管理有限公司,陕西,3.0-6.0,3,本科及以上,,股份制企业,50-99人,五险一金，带薪年假，岗位晋升，技能培训，专项奖金，绩效奖金，年度旅游，节日礼物，零食水果,2026-07-10 17:26,NJc9wdrHV7eJUJXRoJ3Tdr
AI 编导（AIGC 内容创作岗）,清创能拓(北京)新能源科技有限公司,北京,5.0-8.0,2,不限,编导 数字艺术媒体,民营企业,1-49人,,2026-07-10 17:13,TQk3QP8GXVfkKgga4gr4bh
AIGC新媒体实习生,中津尚域（天津）科技有限公司,天津,2.0-3.0,10,专科及以上,,国有企业,1-49人,五险一金，带薪年假，技能培训，专项奖金，绩效奖金，交通补助，午餐补助，通讯津贴,2026-07-10 16:27,Ri5KLVtcuyycHCVmqXLck4
销售代表（实习生）,深圳华润三九医药贸易有限公司,江西,1.8-2.4,6,本科及以上,,国有企业,1000人以上,,2026-07-10 16:02,TXMXzXzfitLRhYwoKuq71V
无人机检测维修技术员,富智康（南京）通讯有限公司,江苏,5.0-8.0,30,专科及以上,无人及维修 机电一体化 自动化,合资企业,100-499人,,2026-07-10 15:29,Esu41wv8gjBdjomAhi6zni
2027校园大使,广东领益智造股份有限公司,陕西,0.3-0.8,2,本科及以上,,上市公司,5000以上,五险一金，带薪年假，岗位晋升，技能培训，年终奖，绩效奖金，交通补助，午餐补助，节日礼物，提供住宿,2026-07-10 15:25,APbzMjS1aNigzQWta8sJza
汽车维修,徐州捷骏行汽车服务有限公司,江苏,2.0-3.0,3,专科及以上,传统汽车维修 新能源车辆维修 车辆工程,民营企业,1-49人,岗位晋升，技能培训，绩效奖金，年度旅游，午餐补助,2026-07-10 14:49,Fzh61v95y5PbcmHu2og38Z
带货主播,杭州亿馨网络科技有限公司,浙江,5.0-8.0,5,专科及以上,新闻学 传播学 广告学 戏剧影视文学 汉语言文学 电商 直播,民营企业,100-499人,五险一金，带薪年假，扁平管理，绩效奖金，提供住宿,2026-07-10 14:44,L4Uc5Ynn59aermBj115pmS
实习生,北京中秦岩土工程有限公司,北京,4.0-5.0,10,专科及以上,土木工程、地质勘探、施工管理、工程造价,民营企业,50-99人,,2026-07-10 14:40,5oAzUXTQeeQcPkd4r2Mg7g
项目助理,北京中秦岩土工程有限公司,北京,4.0-6.0,10,本科及以上,地基、土木工程、施工管理专业,民营企业,50-99人,,2026-07-10 14:40,SiW8qaMZMdfCwKXTjNRHTA
财税顾问,北京斑鸠企服财税会计服务有限公司,北京,3.0-8.0,5,本科及以上,会计类,民营企业,1-49人,五险一金，带薪年假，岗位晋升，弹性工作，定期体检，专项奖金，交通补助,2026-07-10 13:42,KzHmxjZCKKAUTunNAy2Y3h
经理助理,北京斑鸠企服财税会计服务有限公司,北京,3.0-5.0,1,本科及以上,,民营企业,1-49人,五险一金，带薪年假，岗位晋升，弹性工作，定期体检，专项奖金，交通补助,2026-07-10 13:42,JiPfiiyzVEshNa1iqPVQVE
会计助理,北京斑鸠企服财税会计服务有限公司,北京,3.5-6.0,2,不限,会计类,民营企业,1-49人,五险一金，带薪年假，岗位晋升，弹性工作，定期体检，专项奖金，交通补助,2026-07-10 13:41,JSqgFNDKTkdiRBree5PhuU
工程部协调员,中国航空集团旅业有限公司上海中航泊悦酒店,上海,3.5-4.0,1,专科及以上,机电相关,国有企业,100-499人,岗位晋升，技能培训，定期体检，专项奖金，绩效奖金，高温补贴，免费加班餐，提供住宿,2026-07-10 10:42,Ue9SAnWe23q2grV3dadouD
人工智能大模型训练师（AIGC方向）,长沙传屿科技有限公司,湖南,5.0-8.0,100,本科及以上,专业要求： [爆竹]需求一：高优：编剧、编导、戏文类专业（有拉片和分镜经验） 次优：摄影专业、后期制作这种偏技术执行岗位的，必须要能体现出文字能力，不然不符合需求 杜绝：运营、数字媒体、视觉传达、制片、演员、主持人这种不属于强相关专业，不要提交 [爆竹]需求二：影视技术/ 摄影/影视从业者（需懂专业术语，单纯摄影师除外）/数媒/ 新媒体 / 戏剧影视文学/影视摄影与制作/视传/动画 / 视频剪辑/后期，3D游戏，3D,民营企业,50-99人,,2026-07-10 10:07,CBBWNPpTEtTVTnfDddHqk6
视频拍剪实习生,四川立行研学旅行有限公司,四川,2.0-3.0,1,本科及以上,,民营企业,50-99人,五险一金，带薪年假，定期体检，节日礼物,2026-07-10 09:16,EocbTyAN5eYq4wuxTmARGC
半导体芯片测封岗,河南省登览机械设备有限公司,江苏,7.0-9.0,30,专科及以上,自动化 集成电路 机电 工业机器人 新能源,民营企业,50-99人,,2026-07-10 08:58,LRywoNfmEVapzCKFFazbgJ
行政管理员,辽宁丰洋优选科技服务有限公司,辽宁,4.5-5.1,30,不限,旅游管理 社会学 市场营销 工商管理 电子商务 法学 法律事务 汽车技术服务与营销 民航安全技术 及其它不限专业,民营企业,1-49人,,2026-07-10 06:55,G11Z1metuRf1DtR3Rs1uLs
英语日语法语德语外贸跨境电商亚马逊运营实习生,郑州恒辰电子科技有限公司,河南,4.0-8.0,12,本科及以上,英语 日语 德语 法语 国际贸易 电子商务 国际商务 企业管理 物流管理 商业管理 经济,民营企业,50-99人,,2026-07-09 16:30,N1CGgFanzVbtHr7NhHq4zM
外贸跨境运营实习生,郑州恒辰电子科技有限公司,河南,4.0-6.0,20,本科及以上,国际贸易 商务英语 英语 日语,民营企业,50-99人,,2026-07-09 16:29,SA8NxpJSaJcK8PUDJL9Yqh
日语跨境电商专员助理运营实习生翻译外贸外销,郑州恒辰电子科技有限公司,河南,4.0-8.0,20,本科及以上,,民营企业,50-99人,,2026-07-09 16:29,2VnutxxzVhdBoajhAKC66R
食品加工技术员,上海麦宝食品有限公司,上海,5.0-6.0,30,专科及以上,食品智能加工 机电一体化 电气自动化 机械工程 数控技术,民营企业,100-499人,五险一金，技能培训，提供住宿,2026-07-09 15:03,5j3CwrLBEMcWMf4wReDGgi
财税顾问实习生,云南财当家财务信息咨询有限公司,云南,2.0-5.0,2,专科及以上,财务管理 会计学 国贸 审计 经济学 税收学等相关专业,民营企业,50-99人,五险一金，岗位晋升，技能培训，绩效奖金，节日礼物,2026-07-09 14:21,PJuw9K9kmFDkgxfzEwzdDE
美容师（实习）,广东伊丽汇美容科技有限公司,广东,3.0-10.0,20,专科及以上,医学美容技术 美容美体艺术,民营企业,1000-4999人,岗位晋升，技能培训，股权激励，扁平管理，午餐补助,2026-07-09 14:05,8Xe93eqbDnWAaWC2BpeZY6
总装工艺一线岗,芜湖奇瑞汽车投资有限公司,安徽,5.0-8.0,50,专科及以上,汽车制造与装配技术 新能源汽车技术 智能网联汽车技术 汽车电子技术 汽车制造与试验技术 汽车检测与维修技术 机电一体化技术 工业机器人技术 电气自动化技术 数控技术 智能焊接技术 模具设计与制造 机械制造及自动化 智能制造装备技术 智能控制技术 应用电子技术 电子信息工程技术 储能材料技术 新能源材料应用技术 工业工程技术 现代物流管理 工业设计,民营企业,1000-4999人,五险一金，岗位晋升，定期体检，提供住宿，班车接送,2026-07-09 11:38,PQyCcKzjW2ujiP3eHeGUZe
涂装工艺一线岗,芜湖奇瑞汽车投资有限公司,安徽,5.0-8.0,50,专科及以上,汽车制造与装配技术 新能源汽车技术 智能网联汽车技术 汽车电子技术 汽车制造与试验技术 汽车检测与维修技术 机电一体化技术 工业机器人技术 电气自动化技术 数控技术 智能焊接技术 模具设计与制造 机械制造及自动化 智能制造装备技术 智能控制技术 应用电子技术 电子信息工程技术 计算机应用技术 储能材料技术 新能源材料应用技术 工业工程技术 建筑工程技术 土木工程 工程造价 现代物流管理 工业设计 车辆工程 电气工程,民营企业,1000-4999人,五险一金，岗位晋升，定期体检，提供住宿，班车接送,2026-07-09 11:31,R5WpZga8cgZfjRjLt9uC1U
焊装工艺一线岗,芜湖奇瑞汽车投资有限公司,安徽,5.5-8.0,30,专科及以上,汽车制造与装配技术 新能源汽车技术 机电一体化技术 工业机器人技术 电气自动化 数控技术 智能焊接技术 模具设计 机械制造及自动化 汽车检测与维修技术 建筑工程技术 土木工程 土木水利 建筑装饰工程技术 工程造价 工程测量技术 道路桥梁工程技术 城市轨道交通运营管理 物流管理 机械设计制造 车辆工程 电气工程 材料 储能 电子应用 计算机应用技术 工业设计 智能控制技术 电子信息工程,民营企业,1000-4999人,五险一金，岗位晋升，定期体检，提供住宿，班车接送,2026-07-09 11:23,A6gW56YMCWT1juUe9XyVKc
外贸业务员（应届毕业生）,温州盛开不锈钢有限公司,浙江,5.0-7.0,3,专科及以上,国际经济与贸易 电子商务 商务英语 外国语文学类,民营企业,50-99人,五险一金，带薪年假，岗位晋升，技能培训，弹性工作，年度旅游，提供住宿,2026-07-09 10:58,9qdB8NXrJZgzqFL4MPcF2i
AI短剧剪辑,河北竖店影视发展有限公司,全国,8.0-30.0,3000,专科及以上,影视摄影与制作 网络与新媒体 广播电视编导 戏剧影视文学 数字媒体艺术 人工智能软件工程 AI自动化剪辑 动画专业 智能媒体技术,民营企业,50-99人,带薪年假，技能培训，弹性工作，定期体检，绩效奖金，年度旅游，节日礼物,2026-07-09 10:28,LyREGRVnfCS9wVoF4ZdCtf
新菁英优才,中国人寿保险股份有限公司郑州市分公司,河南,10.0-15.0,10,专科及以上,不限 金融 保险 经济 财务管理 会计 法律 医学 旅游 艺术 播音主持,国有企业,5000以上,五险一金，带薪年假，岗位晋升，绩效奖金，年度旅游，住房补助，节日礼物,2026-07-09 10:22,HcSyR5JGB28YvfiGhABgNS
自动化设备维保员,上海麦宝食品有限公司,上海,5.0-6.0,50,专科及以上,食品智能加工 机电一体化 电气自动化 机械工程 数控技术,民营企业,100-499人,五险一金，技能培训，提供住宿,2026-07-09 10:04,GEZcPVfJoocd6eAeubfEsJ
锂电池设备操作可实习,中创新航科技（江门）有限公司,广东,5.8-6.5,100,专科及以上,自动化 高 分子 机电 物流 汽修 智能制造 计算机等,国有企业,5000以上,,2026-07-09 09:04,cF5RRtGZQZtGpFF81HmWQ
短视频线上运营,福建马文五金科技有限责任公司,福建,4.0-5.0,3,专科及以上,,民营企业,1-49人,,2026-07-09 20:10,TL1PFxv3X48btpCKJ9MDzc
8~9k可线上面试实习销售专员+签三方实习,深圳市乐有家房产交易有限公司,广东,8.0-9.0,10,专科及以上,市场营销 工商管理 房地产开发与经营 工程管理 土木工程 经济学 国际经济与贸易 信息管理 土地资源管理 信息与计算科学 旅游管理 农业资源与环境 休闲与体育 社会体育 物联网 电子商务 酒店管理 电子信息与技术 电子信息工程 电子科学与技术 通信工程 临床医学 哲学类 哲学 逻辑学 经济学 经济统计学 财政学 税收学 金融学 金融工程 保险学 投资学贸易经济 法学 政治学类 政治学与行政学 国际经济与贸易,民营企业,5000以上,五险一金，带薪年假，岗位晋升，年终分红，扁平管理，绩效奖金，节日礼物，提供住宿,2026-07-09 16:56,6CHH1Y19QpFgG5c2myemVB
设计师,山东天恒广告装饰工程有限公司,山东,2.0-3.0,1,专科及以上,视觉传达,民营企业,1-49人,,2026-07-09 16:50,VhQEsYp6hWs744Zws8v6Es
人事助理,北京双鹭药业股份有限公司,北京,3.3-3.5,1,本科及以上,人力资源专业 工商管理 劳动关系管理等,上市公司,500-999人,,2026-07-09 16:37,CEq18b8yvMMVCxeVGv8YsS
数据标注师-包住宿-朝九晚六,中穆海诚（嘉兴）科技有限公司,浙江,3.0-4.0,20,专科及以上,计算机大类 人工智能 智能制造 机械大类 不限专业,民营企业,100-499人,,2026-07-09 16:02,FzrKPTBHGm1c8VaWdgZhN9
物流实习生 提供吃住 近期上岗,天津中辉智造企业管理咨询有限公司,天津,4.0-5.0,1,专科及以上,物流,民营企业,1-49人,,2026-07-09 15:45,C3me4RXUPUQVQGMUVUdoPM
苏州日语人事实习生,安斯泰莫（中国）投资有限公司,江苏,3.0-4.0,1,本科及以上,日语、人力资源、理工类,外商独资/外企代表处,5000以上,五险一金，带薪年假，岗位晋升，技能培训，弹性工作，定期体检，扁平管理，年终奖，午餐补助，高温补贴,2026-07-09 14:54,9QurWS3itJALHKbZHhDqN1
发动机装配 汽车装配,北京福潍动力新能源汽车有限公司,北京,4.0-6.0,50,不限,数控 机电 焊接,民营企业,100-499人,,2026-07-09 14:54,Cjjq8YYberDLRc39Zi5yZU
原画实习生,深圳市九学王信息科技有限公司,湖北,4.0-5.0,5,本科及以上,绘画 视觉传达设计 动画 美术学 产品设计,民营企业,500-999人,五险一金，技能培训，定期体检，年终奖，节日礼物,2026-07-09 13:50,RpJbriNiRiqCBPb1kc7nTb
BMS实习生（沈阳）,利戴工业技术服务（上海）有限公司,辽宁,3.0-3.5,1,专科及以上,机械 机电一体化 电气自动化 机械制造 制冷 暖通,外商独资/外企代表处,1000-4999人,,2026-07-09 13:42,VsJH71jBMKQhk28CSJN1tF
研究咨询实习生,成都市经济发展研究院（ 成都市经济信息中心）,四川,1.0-2.0,8,本科及以上,,机关/事业单位/非营利机构,100-499人,五险一金，带薪年假，定期体检，年终奖，专项奖金，绩效奖金，午餐补助,2026-07-09 12:07,GvhsDyEGdKjugYpQceG8tR
餐饮实习优选-前厅/后厨岗（食宿全包 ）,上海丰之绪餐饮管理有限公司,上海,4.0-5.0,100,不限,烹饪 酒店管理 旅游管理,民营企业,1000-4999人,岗位晋升,2026-07-09 11:08,4maLzR3MTjC42hJ6fLHkwr
包吃住酒管专业实习生按需分岗实习,长兴太湖龙之梦长峰酒店投资管理有限公司,浙江,2.1-3.0,100,不限,酒店 烹饪 旅游 工商管理 空乘,上市公司,5000以上,五险一金，带薪年假，岗位晋升，技能培训，弹性工作，定期体检，年终奖，年底双薪，专项奖金，绩效奖金,2026-07-09 11:06,L4rmqejaFe4uJz7RQQLGZw
餐饮实习岗｜前厅后厨均可安排 食宿全包,上海丰之绪餐饮管理有限公司,上海,4.0-5.0,100,不限,烹饪 酒店管理 旅游管理,民营企业,1000-4999人,岗位晋升,2026-07-09 11:03,LqEoDuebWkzFnmkUfKDVC4
包吃住前厅接待实习生,上海昂达餐饮管理有限公司,上海,4.0-5.0,100,不限,酒店 烹饪 旅游 工商管理 空乘,民营企业,500-999人,五险一金，岗位晋升，技能培训，年终分红，股票期权，定期体检，年终奖，年底双薪，免费加班餐，提供住宿,2026-07-09 11:01,XZ9k79YkRuK11eVeQdVZrj
餐饮前厅后厨烹饪实习生岗位丨包食宿,上海丰之绪餐饮管理有限公司,上海,4.0-5.0,100,不限,烹饪 酒店管理 旅游管理,民营企业,1000-4999人,岗位晋升,2026-07-09 11:00,Fcrcg2BgtCBNr8wpXNbSoa
前厅/后厨专业实习生（包吃住）,上海丰之绪餐饮管理有限公司,上海,4.0-5.0,100,不限,烹饪 酒店管理 旅游管理,民营企业,1000-4999人,岗位晋升,2026-07-09 10:57,7aFNoHYoV37qGWrCJXCRZZ
包吃住快晋升烹饪专业实习生,上海昂达餐饮管理有限公司,上海,4.0-5.0,100,不限,酒店 烹饪 旅游 工商管理 空乘,民营企业,500-999人,五险一金，岗位晋升，技能培训，年终分红，股票期权，定期体检，年终奖，年底双薪，免费加班餐，提供住宿,2026-07-09 10:52,NSnfGgYtBvvxxeiR77dxyQ
包吃住烹饪专业实习生,上海昂达餐饮管理有限公司,上海,4.0-5.0,100,不限,酒店 烹饪 旅游 工商管理 空乘,民营企业,500-999人,五险一金，岗位晋升，技能培训，年终分红，股票期权，定期体检，年终奖，年底双薪，免费加班餐，提供住宿,2026-07-09 10:49,WD3PLsAFbmdm8zhzeFCvVG
包吃住烹饪专业实习生,上海丰之绪餐饮管理有限公司,上海,4.0-5.0,100,不限,烹饪 酒店管理 旅游管理,民营企业,1000-4999人,岗位晋升,2026-07-09 10:47,Kj4fyGZ79659v8CUGskRNV
市场运营（AI融合方向）实习生,天津市蓝快信息技术有限公司,天津,2.0-3.0,2,专科及以上,,民营企业,1-49人,五险一金，带薪年假，技能培训，免费加班餐,2026-07-09 10:37,RqtcSNNNzTAyzvxgWn62gb
商务实习生,深圳市建筑设计研究总院有限公司,广东,2.5-3.0,2,本科及以上,建筑学 工商管理 市场营销,国有企业,1000-4999人,,2026-07-09 10:14,NdpBgMBFSE12EqQLuXUg5w
社群运营实习生,北京迷彩元创文化传媒有限公司,北京,3.0-4.0,2,不限,,其他,50-99人,,2026-07-09 10:07,SgXwZfmH2YaRYcaTDLa9pQ
人事专员实习生,北京迷彩元创文化传媒有限公司,北京,3.0-4.0,6,不限,,其他,50-99人,,2026-07-09 10:07,B4kDzY6F1o5eMnYHVL2fPV
招聘助理实习生,上海海隆软件股份有限公司,上海,2.0-4.0,2,专科及以上,,股份制企业,1000-4999人,五险一金，带薪年假，岗位晋升，技能培训，弹性工作，定期体检，年底双薪，绩效奖金，年度旅游，午餐补助,2026-07-09 08:07,STLEkspDFiDDq2qv1n5d6d
财务出纳,上海海隆软件股份有限公司,北京,2.6-3.6,1,本科及以上,,股份制企业,1000-4999人,五险一金，带薪年假，岗位晋升，技能培训，弹性工作，定期体检，年底双薪，绩效奖金，年度旅游，午餐补助,2026-07-09 08:07,Xs8gL3qTs49epZLgdDz4vf
智能制造技工,珠海冠宇电池股份有限公司,广东,6.0-7.5,50,专科及以上,,民营企业,5000以上,五险一金，带薪年假，岗位晋升，技能培训，专项奖金，绩效奖金，午餐补助，提供住宿，班车接送,2026-07-08 23:58,DGxpYD79VQ8yuQZGv5cd1p
智能制造技工,珠海冠宇电池股份有限公司,广东,4.5-7.0,100,专科及以上,机械类、电气类、,民营企业,5000以上,五险一金，带薪年假，岗位晋升，技能培训，专项奖金，绩效奖金，午餐补助，提供住宿，班车接送,2026-07-08 23:41,QhkzWP3oUzvJ3VKhQim5rd
储备技术员,安徽芯瑞达科技股份有限公司,安徽,4.7-6.0,10,专科及以上,理工科大类 电气自动化 机电一体化 智能制造 人工智能,股份制企业,1000-4999人,五险一金，带薪年假，岗位晋升，年终分红，股权激励，定期体检，年终奖，绩效奖金，交通补助，住房补助,2026-07-08 15:42,QBpiDLKfqLgNZdPWnfxMiP
餐饮咨客（包吃包住）,深圳市八合里餐饮管理有限公司,广东,4.0-6.0,30,专科及以上,酒店管理 旅游管理 餐饮管理 酒店管理与数字化运营 休闲服务与管理 会展策划与管理 市场营销 电子商务 商务管理 工商企业管理 人力资源管理 现代文秘 商务英语 空中乘务 礼仪主持 连锁经营管理 现代办公管理 新媒体营销 形象设计 婚庆服务与管理 现代物业管理 文化创意与策划 旅游英语 奢侈品运营与管理 健康管理 护理 学前教育 美容美体艺术 网络直播与运营,民营企业,1000-4999人,五险一金，岗位晋升，节日礼物，提供住宿,2026-07-08 14:40,QudsqDVsejJ99iTuwc5q6H
财务实习生,易鸿智能装备（宜兴）有限公司,江苏,3.0-4.0,1,本科及以上,财务管理 会计,民营企业,1000-4999人,五险一金，带薪年假，岗位晋升，技能培训，弹性工作，年底双薪，住房补助，高温补贴，零食水果，提供住宿,2026-07-08 09:37,V1sPHcSMTfZ5Ydw7hhgXj
青岛崂山区 智能场景训练,北京瑞世盛誉科技发展有限公司,山东,4.0-5.0,10,专科及以上,,股份制企业,100-499人,,2026-07-08 21:04,KhWMsKLi2NUYZ4ePMLzHFy
营销助理,深圳市济世堂医生集团有限公司,广东,1.0-3.0,2,专科及以上,,民营企业,50-99人,,2026-07-08 20:01,8a2DYVK1UG8bfr3RR6zD27
计算机实习生2027届2028届,安徽三颗花生网络科技有限公司,福建,2.0-5.0,6,专科及以上,计算机，人工智能，建筑，设计，工程，软件，互联网，电子商务,民营企业,50-99人,,2026-07-08 19:57,6AAbWyYDWNSGE7hxtv3AMD
行研实习生,北京鼎帷管理顾问有限公司,北京,2.0-3.0,5,本科及以上,金融 经济学,民营企业,1-49人,五险一金，带薪年假，岗位晋升，技能培训，扁平管理，年度旅游，节日礼物,2026-07-08 18:03,YPcnBziUybVmpuuLaRrvvi
中石油总部会议服务,青岛浩之然教育科技有限公司,北京,3.0-5.0,10,专科及以上,空乘、高铁乘务,民营企业,1-49人,,2026-07-08 17:09,PGj7qWpumg2qaHUFa41cNZ
半导体设备技术员,武汉华工正源光子技术有限公司,湖北,5.5-8.0,30,专科及以上,机电一体化 电气自动化 机械设计与制造 人工智能 工业机器人 智能控制 模具设计等,国有企业,1000-4999人,,2026-07-08 17:09,7v1PnDzL74vMTwHLuespWk
人力实习生,江西南昌济生制药有限责任公司,江西,2.0-2.6,1,本科及以上,人力资源管理 行政管理 工商管理,国有企业,500-999人,,2026-07-08 16:34,PDcm8ReYq1GHdihpe46TxS
投资人关系-一级市场,北京万德嘉鑫信息科技有限公司,北京,4.0-10.0,4,硕士及以上,集成电路科学与工程、电子信息专业学位、机器人工程、智能科学与技术、光电信息科学与工程、光通信技术,民营企业,1-49人,,2026-07-08 16:00,6Zc68wkJacu284G9dpmWQK
基恩士2027校园大使招募,基恩士（中国）有限公司,全国,1.0-3.0,10,本科及以上,,外商独资/外企代表处,员工数量,,2026-07-08 15:59,9PX1JNBcbRQBmCYineVz2X
新媒体实习生,上海鸿景领炫网络科技有限公司,上海,2.0-4.0,1,本科及以上,新闻学 广告学 计算机 设计 市场营销,民营企业,1-49人,,2026-07-08 15:43,XqhCBnqqiHuQSi4tbc8DHe
物流实习生,胜宸（天津）生物科技有限公司,天津,4.0-5.0,1,专科及以上,物流,民营企业,50-99人,,2026-07-08 15:04,VBDshUPQBzWckikBCqDi1J
南航虹桥机场浦东机场地面服务保障实习生,中国南方航空股份有限公司上海分公司,上海,2.0-4.0,20,专科及以上,专业不限,股份制企业,1000-4999人,,2026-07-08 15:00,EhnoFUF34rXkjBzbzxqXt1
餐饮服务员,深圳市八合里餐饮管理有限公司,广东,4.0-6.0,30,专科及以上,酒店管理 旅游管理 餐饮管理 酒店管理与数字化运营 休闲服务与管理 会展策划与管理 市场营销 电子商务 商务管理 工商企业管理 人力资源管理 现代文秘 社会工作 社区管理与服务 公共事务管理 商务英语 艺术设计 健康管理 护理 学前教育 城市轨道交通运营管理 大数据技术 现代物流管理 国际经济与贸易 金融服务与管理 美容美体艺术 时尚表演与传播 幼儿保育 公共文化服务与管理 心理咨询技术 网络直播与运营 空中乘务,民营企业,1000-4999人,五险一金，岗位晋升，节日礼物，提供住宿,2026-07-08 14:34,2AkUTZjxb8p17un78gog2K
客服专员,上海凯淳实业股份有限公司,上海,2.3-8.0,5,不限,计算机 空中乘务 航空服务 城市轨道交通运营与管理 电子商务 工商管理,合资企业,1-49人,,2026-07-08 14:14,CRPPQ2eWdjqefDhGdzNL5e
前台接待,上海佳太美医疗美容门诊部有限公司,上海,3.0-4.0,2,专科及以上,不限,民营企业,100-499人,岗位晋升，技能培训，专项奖金，绩效奖金，年度旅游，节日礼物，提供住宿,2026-07-08 14:12,DvYPqJ5Kqcui74RSxERHQ
展品看护及秩序维护,北京中普物业管理有限公司,北京,3.0-4.0,20,不限,酒店管理、旅游管理、空中乘务优先,民营企业,100-499人,,2026-07-08 13:47,B1qZwQysd3QK7C4N9kd7or
餐饮VIP接待实习,长荣（上海）酒店有限公司,上海,3.0-5.0,3,专科及以上,,外商独资/外企代表处,1000人以上,,2026-07-08 13:40,C9p2dvQ9NbxM6Bj7BQT3Dz
前台接待,长荣（上海）酒店有限公司,上海,3.0-4.0,2,专科及以上,不限,外商独资/外企代表处,1000人以上,,2026-07-08 13:40,JhScxJAf1BScVQpM1Pjzy9
基恩士2027校园大使招募,基恩士（中国）有限公司,全国,1.0-3.0,10,本科及以上,,外商独资/外企代表处,员工数量,,2026-07-08 11:09,Acx9Z7e863A76VWdu2q4fj
测试技术员,赣州移远科技有限公司,江西,4.3-5.5,7,专科及以上,机电类、自动化类、机械类、物联网及计算机类、工业工程、工业机器人类，电气类，仪器仪表类等理工相关专业,民营企业,1000-4999人,,2026-07-08 10:50,Eb4ywZSyBWYebyDkXh2eNZ
实习生-厨务 Trainee-Culinary,宁波极富房地产开发有限公司滨湖半岛酒店分公司,浙江,2.4-3.0,1,专科及以上,酒店管理 旅游管理 西式烹饪工艺 烹饪工艺与营养,其他,100-499人,五险一金，带薪年假，岗位晋升，年终奖，提供住宿,2026-07-08 10:41,2F5JGLHTC8gio37TECUeHw
技术研发岗,安徽锦琅新材料科技有限公司,安徽,2.0-4.0,1,硕士及以上,高分子 应用化学 有机合成,民营企业,1-49人,,2026-07-08 10:15,RSzWhzfoir5arJnJYy8nx9
实习岗（辅助招生岗/后勤岗）,河南聚力中晖教育科技有限公司,河南,3.0-6.0,10,不限,不限,民营企业,1-49人,带薪年假，弹性工作，年终分红，股权激励，绩效奖金，年度旅游,2026-07-08 09:29,LFvgL7c65JHkEAu1KnYHpE
实习检测员,山东鲁勘集团有限公司,山东,2.2-3.5,5,专科及以上,工科、理科,民营企业,50-99人,,2026-07-08 09:07,JfYrJwHWU2ftjN93sdECvX
综合柜面岗（实习生）,明亚保险经纪股份有限公司,浙江,10.0-15.0,1,本科及以上,金融保险专业,股份制企业,5000以上,五险一金，岗位晋升，年终分红，股票期权，定期体检，年终奖，通讯津贴，节日礼物,2026-07-08 08:45,U6TmFHoRCyzPtPHJfFL7TS
规划编制,新疆维吾尔自治区喀什地区自然资源规划勘测院,新疆,0.1-0.2,5,本科及以上,城乡规划 生态 地质 园林 给排水,机关/事业单位/非营利机构,1-49人,五险一金，带薪年假，岗位晋升，技能培训,2026-07-07 17:05,8sBjAeT6e3XofyGuheoofT
GIS数据处理,新疆维吾尔自治区喀什地区自然资源规划勘测院,新疆,0.1-0.2,5,本科及以上,遥感科学与技术 地理信息科学,机关/事业单位/非营利机构,1-49人,五险一金，带薪年假，岗位晋升，技能培训,2026-07-07 17:01,WBzzFfAJcesGJJpKejf4h4
测绘外业,新疆维吾尔自治区喀什地区自然资源规划勘测院,新疆,0.1-0.2,5,本科及以上,测绘工程 工程测量 土地资源管理 国土资源,机关/事业单位/非营利机构,1-49人,五险一金，带薪年假，岗位晋升，技能培训,2026-07-07 16:59,KZxFH3u96syZ9tDe2VWqB1
陕西基地技术员,极光湾（宁波）智能科技有限公司,陕西,5.0-6.5,50,专科及以上,工业机器人技术 数控技术 新能源汽车技术 智能控制技术 智能焊接技术 机械制造及自动化 机械设计与制造 机电设备技术 汽车制造与试验技术 汽车检测与维修技术 现代物流管理 电气自动化技术,民营企业,500-999人,岗位晋升，提供住宿,2026-07-07 14:25,RrupWsY9QP9V8y285UezT7
生产维护技术员,上海麦宝食品有限公司,上海,5.0-6.0,50,专科及以上,食品智能加工 机电一体化 电气自动化 机械工程 数控技术,民营企业,100-499人,五险一金，技能培训，提供住宿,2026-07-07 14:06,3qQLTnJnDbeMZwRKT6nM17
营销助理（实习生）,北京中商全景咨询有限公司,北京,1.0-2.0,3,专科及以上,工商管理 市场营销 经济学 新闻出版 网络传播,民营企业,1-49人,五险一金，带薪年假，技能培训，股权激励，扁平管理，绩效奖金，交通补助，午餐补助，住房补助,2026-07-07 09:41,5cSSLuzcJW7LnUZRmAnaag
人力资源实习生（偏招聘）,国聘（成都）企业管理服务有限责任公司,四川,2.2-3.0,4,本科及以上,,股份制企业,100-499人,技能培训，弹性工作，年底双薪，年度旅游，交通补助,2026-07-07 02:50,wEt1gJGjYEkrba69WFdkY
新媒体运营（线上）,国聘（成都）企业管理服务有限责任公司,全国,3.0-6.0,10,本科及以上,,股份制企业,100-499人,技能培训，弹性工作，年底双薪，年度旅游，交通补助,2026-07-07 02:49,2pw5XjUdvpVj768TcRUUyo
助理猎头顾问,国聘（成都）企业管理服务有限责任公司,全国,7.0-10.0,4,本科及以上,,股份制企业,100-499人,技能培训，弹性工作，年底双薪，年度旅游，交通补助,2026-07-07 02:49,Uo6YPfFguNYcFpUaXhRKQg
北京-行政前台/会务服务/客房服务--实习生,北京文心壹企业管理有限公司,北京,3.8-3.8,30,专科及以上,空中乘务 民航服务 旅游管理 教育 电子商务 学前教育 护理 金融 音乐表演 视觉 设计 会展经济与管理 高速铁路客运服务 商务 英语,民营企业,1000-4999人,五险一金，岗位晋升，技能培训，扁平管理,2026-07-07 22:21,8gUoVo3FGJFm66St3faq2i
设计师 艺术手作设计 ,甘肃省清隅文化有限责任公司,甘肃,1.0-1.5,3,专科及以上,视觉传达设计 艺术设计 工艺美术,民营企业,1-49人,,2026-07-07 18:31,vJJA6S5dBLPrBTkq8vY58
外贸助理,鑫锦铭(上海)包装科技有限公司,上海,4.0-4.5,5,专科及以上,外贸 国际商务 国际经济与贸易,民营企业,1-49人,五险一金，技能培训，午餐补助，住房补助，通讯津贴,2026-07-07 17:21,2dgadavBC6XoK9PipKSwKf
数据分析,兆扑信息技术武汉有限公司,湖北,2.0-4.0,2,本科及以上,数据处理及大数据 数据科学与大数据技术 信息管理与信息系统 大数据管理与应用,民营企业,1-49人,,2026-07-07 16:55,6t5J389MicYRpyw35xHUuB
实习生,电子科技大学广东电子信息工程研究院,广东,2.0-2.5,1,本科及以上,,机关/事业单位/非营利机构,1-49人,,2026-07-07 16:45,RmnGJawQYHMSDfsDgnMJyA
工程测量测绘实习岗位,中奥新高（四川）建设有限公司,西藏,3.0-4.0,5,专科及以上,工程测量技术 土木工程,民营企业,100-499人,五险一金，岗位晋升，提供住宿,2026-07-07 16:40,9YSPjZwnVnFCWVTyLTU99L
化工行业可持续发展实习生,上海闵行区青悦环保信息技术服务中心,全国,4.0-5.0,1,本科及以上,环境科学 环境工程 化学,机关/事业单位/非营利机构,1-49人,,2026-07-07 16:25,Q7zTaEVNM1TsagzzQ87ukc
私域实习生,成都市迈格森教育咨询有限公司,四川,2.5-4.0,2,不限,,民营企业,100-499人,五险一金，技能培训，定期体检，绩效奖金，节日礼物,2026-07-07 16:15,KaS97b8gH6q1P3WcqejgJ5
中西餐接待,苏州市吴江东太湖大酒店有限公司,江苏,2.6-3.0,10,专科及以上,旅游酒店或者相关专业,国有企业,100-499人,,2026-07-07 15:53,EBJyxmDBvzqkUXjk8wuVdq
行政前台,苏州市吴江东太湖大酒店有限公司,江苏,3.0-5.0,10,专科及以上,酒店管理、旅游管理、人力资源管理、市场营销、会计、物业管理,国有企业,100-499人,,2026-07-07 15:53,SP5zHSAcY8vKpMKaPUH7bL
vip接待,苏州市吴江东太湖大酒店有限公司,江苏,4.0-6.0,20,专科及以上,酒店 旅游 会计 幼师,国有企业,100-499人,,2026-07-07 15:53,EebcfMyChwb8qtjz4KBMdQ
教学助理,童享时光（上海）文化发展有限公司,上海,3.0-5.0,30,专科及以上,幼师 艺术 旅游,民营企业,50-99人,,2026-07-07 15:45,Voz6mi6S2wDzFZk6BTWdpQ
课程顾问,童享时光（上海）文化发展有限公司,全国,3.0-5.0,50,专科及以上,专业不限,民营企业,50-99人,,2026-07-07 15:45,5i7ik4egstoQcaCY8wAFJG
票务班组，游船班组，游乐班组，商务班组，餐饮班组，观光车班组,童享时光（上海）文化发展有限公司,上海,3.0-5.0,20,专科及以上,专业不限,民营企业,50-99人,,2026-07-07 15:45,KLBKPrAvYGbgt5sRdZvW6h
陪玩导师,童享时光（上海）文化发展有限公司,全国,3.0-5.0,50,专科及以上,专业不限,民营企业,50-99人,,2026-07-07 15:45,FGRZ4oL3hnCTnmDhgKpVrg
前台接待、会务接待、礼宾员、收银员、中西餐厅服务员,童享时光（上海）文化发展有限公司,全国,3.0-5.0,20,专科及以上,酒店管理，旅游等,民营企业,50-99人,,2026-07-07 15:45,Xa3B5nYQTjTC2QinaP2CRv
检票员（游乐园）,童享时光（上海）文化发展有限公司,上海,3.0-5.0,25,专科及以上,专业不限,民营企业,50-99人,,2026-07-07 15:45,2NaeRL8hh9XgQYvUzSLKUr
活动成长老师,童享时光（上海）文化发展有限公司,全国,3.0-4.5,10,专科及以上,幼师/艺术,民营企业,50-99人,,2026-07-07 15:45,BtH6MaCyysHei38Hjx1MA7
销售专员（提供房补餐补）,中国大地财产保险股份有限公司揭阳中心支公司,广东,5.0-10.0,8,专科及以上,,国有企业,100-499人,五险一金，带薪年假，岗位晋升，技能培训，弹性工作，年终奖，绩效奖金，节日礼物，提供住宿，班车接送,2026-07-07 15:20,U9RBLwVATgbwpbAoaavZKD
餐厅服务员,宜兴大拈花湾文旅产业发展有限公司息壤酒店,江苏,2.6-3.2,3,不限,酒店管理，旅游管理，不限专业,民营企业,50-99人,,2026-07-07 13:37,TTBJPNpga7YkMpfD8gqBQ7
幼儿园老师（实习）,杭州学创教育科技有限公司,陕西,2.0-2.5,2,专科及以上,学前教育相关,民营企业,1-49人,,2026-07-07 13:36,SGpsD4NTBfj1sV4iaRDSfi
烹饪实习生,宜兴大拈花湾文旅产业发展有限公司息壤酒店,江苏,2.6-3.2,2,不限,烹饪相关专业,民营企业,50-99人,,2026-07-07 13:36,JTvZZrAw3kEY9BwFbAjtLj
猎头顾问培训生（深圳）,广州赛睿投资有限公司,广东,6.0-8.0,2,本科及以上,人力资源管理 工商管理,民营企业,100-499人,五险一金，带薪年假，技能培训，弹性工作，绩效奖金，通讯津贴，节日礼物，零食水果,2026-07-07 12:28,FP59KMo14T6ZWE2e5wUEt1
猎头实习生（北京）,广州赛睿投资有限公司,北京,2.2-5.0,2,本科及以上,人力资源管理 工商管理,民营企业,100-499人,五险一金，带薪年假，技能培训，弹性工作，绩效奖金，通讯津贴，节日礼物，零食水果,2026-07-07 12:28,Vi4ct2uMghAMUAQN4NAjQM
猎头顾问培训生（深圳）,广州赛睿投资有限公司,广东,2.0-2.5,0,本科及以上,,民营企业,100-499人,五险一金，带薪年假，技能培训，弹性工作，绩效奖金，通讯津贴，节日礼物，零食水果,2026-07-07 12:28,AhaChTwiVFoxBvV9mYzJ9A
广州猎头培训生,广州赛睿投资有限公司,广东,7.0-9.0,30,本科及以上,,民营企业,100-499人,五险一金，带薪年假，技能培训，弹性工作，绩效奖金，通讯津贴，节日礼物，零食水果,2026-07-07 12:28,Ps6ZUrfz2qSMPkzkN6j8tC
实习生,重庆博腾制药科技股份有限公司,重庆,2.0-4.0,1,专科及以上,,股份制企业,1000-4999人,,2026-07-07 11:58,M2tKnjLst2dyJJVs9f8nWq
轨道交通维修见习岗（顶岗实习）,广州众全机电工程有限公司深圳分公司,广东,3.0-4.0,10,不限,机电一体化 电气自动化 电气 自动化 通讯信号 工业机器人技术 智能控制系 动车组检修技术 城市轨道车辆应用技术 城市轨道交通运输管理 电力机车运用与维修 机械制造 机械电子工程 汽车维修 铁道信号自动控制 高速铁路综合维修技术 机车车辆 运输管理 智能制造 机电技术应用 工业机器人 铁道施工与养护 城市轨道交通 轨道交通 城轨机电 理工类 工科,民营企业,50-99人,岗位晋升，弹性工作，交通补助，节日礼物，提供住宿,2026-07-07 11:49,CMG5hgLwaqnM3sNS7m3c4A
质量检验管培生,合肥宸阳光电科技有限公司,安徽,4.5-7.0,20,专科及以上,机电 自动化 新能源,其他,100-499人,岗位晋升，技能培训，绩效奖金，午餐补助，高温补贴,2026-07-07 11:26,KQsvrQVUR2AqE8PoGCEDLo
设备技术管培生 ,合肥宸阳光电科技有限公司,安徽,4.5-7.0,20,专科及以上,机电 自动化 新能源,其他,100-499人,岗位晋升，技能培训，绩效奖金，午餐补助，高温补贴,2026-07-07 11:26,BRzrrG1SQvCddTD35tM62G
媒介助理（2027届）,露乐健康科技（上海）有限公司,上海,3.0-5.0,3,本科及以上,新闻 广告等相关专业,民营企业,1000-4999人,,2026-07-07 09:58,RjiaDsvZk4sQcDAp5AXuHB
学习规划师（课程顾问）,广州市天河区晓晓星火教育培训中心有限公司,广东,5.0-7.0,5,专科及以上,,民营企业,100-499人,五险一金，带薪年假，岗位晋升，定期体检，绩效奖金，节日礼物,2026-07-06 17:44,5AqPTBKuVPBetEkGrJTdEd
运营实习生,广州市天河区晓晓星火教育培训中心有限公司,广东,4.0-7.0,10,专科及以上,,民营企业,100-499人,五险一金，带薪年假，岗位晋升，定期体检，绩效奖金，节日礼物,2026-07-06 17:44,DXZfaxcEjaaQXENgT5kMCu
暑期建筑助教,广州星展毅然咨询有限公司,广东,2.0-3.0,2,本科及以上,建筑学 城市规划,民营企业,1-49人,五险一金，带薪年假，岗位晋升，弹性工作,2026-07-06 17:28,BkN1CLw8Z8b9U5DdUNdEb7
2026届大学实习生,厦门新能安科技有限公司,福建,6.0-7.0,50,专科及以上,,合资企业,5000以上,五险一金，岗位晋升，技能培训，年终奖，专项奖金，年度旅游，节日礼物,2026-07-06 13:31,5mKKVdCEv6svBw2q5NXJFN
数控/自动化设备操作类管培生,上海飞力勋铖电气科技有限公司,上海,3.0-5.0,2,专科及以上,数控 自动化 机械制造及自动化 机电一体化 机械设计 机械制造,民营企业,100-499人,五险一金，带薪年假，岗位晋升，技能培训，弹性工作，定期体检，绩效奖金，年度旅游，免费加班餐，提供住宿,2026-07-06 12:20,RMUEndf2cjZLSD2tvDGbDV
酒店西餐厅服务员,上海西汇酒店管理有限公司,上海,3.0-3.1,5,专科及以上,酒店管理、旅游管理、商务英语、高铁空乘、文秘，不限专业，学前教育，不限专业,港澳台公司,100-499人,五险一金，带薪年假，年终奖，提供住宿,2026-07-06 10:01,Mm62znFqsQuUSX5h9JtDRL
酒店礼宾员,上海西汇酒店管理有限公司,上海,3.0-3.1,2,专科及以上,酒店管理、旅游管理、商务英语、高铁空乘、文秘，不限专业，学前教育，不限专业,港澳台公司,100-499人,五险一金，带薪年假，年终奖，提供住宿,2026-07-06 10:01,MXKbdXionfwLS8TGqB57Lh
前厅部 前台接待,苏州市吴江宾馆有限公司,江苏,4.0-4.5,5,专科及以上,旅游 酒店 康养 烹饪,国有企业,100-499人,五险一金，带薪年假，技能培训，定期体检，扁平管理，绩效奖金，高温补贴，提供住宿，班车接送,2026-07-06 08:29,P6p6RAdgwQSsqrYXyjZBQF
VIP接待,苏州市吴江宾馆有限公司,江苏,4.5-5.0,15,专科及以上,礼仪 酒店 旅游,国有企业,100-499人,五险一金，带薪年假，技能培训，定期体检，扁平管理，绩效奖金，高温补贴，提供住宿，班车接送,2026-07-06 08:29,GwUdJBbXTFcgcXLnRWH5Rz
五星级酒店餐饮接待,苏州市吴江宾馆有限公司,江苏,3.0-3.5,20,不限,酒店 餐饮 旅游 康体,国有企业,100-499人,五险一金，带薪年假，技能培训，定期体检，扁平管理，绩效奖金，高温补贴，提供住宿，班车接送,2026-07-06 08:29,XyH657zWP2NWpewbqGbefZ
实习生招聘--行政前台/会务服务/客房服务,北京文心壹企业管理有限公司,北京,3.5-4.0,30,专科及以上,酒店管理 空乘,民营企业,1000-4999人,五险一金，岗位晋升，技能培训，扁平管理,2026-07-06 23:00,AWYEaHqgfvR8f758hQUvWK
基恩士27届校园大使,基恩士（中国）有限公司,全国,3.0-7.0,10,本科及以上,,外商独资/外企代表处,员工数量,,2026-07-06 18:46,Hs2QnaPpM6zaP3zKbtzpXW
基恩士27届校园大使,基恩士（中国）有限公司,全国,3.0-7.0,10,本科及以上,,外商独资/外企代表处,员工数量,,2026-07-06 18:44,Enzc67LmtkHR8zCyXcMx5C
海淀西二旗智能场景训练,北京瑞世盛誉科技发展有限公司,北京,5.5-7.5,30,专科及以上,,股份制企业,100-499人,,2026-07-06 17:59,16sYiLHJb7mjVUASccNQmz
电工,上海赛坤实业有限公司,上海,3.0-4.0,3,专科及以上,电气自动化,民营企业,1-49人,,2026-07-06 17:32,6nYh8eoX1KLtPWQHFfX9Va
电气工程师助理,上海赛坤实业有限公司,上海,3.0-4.0,3,本科及以上,电气自动化,民营企业,1-49人,,2026-07-06 17:29,LRgHm1rp4GdGJvQzhQcKyt
电气工程师助理,上海赛坤实业有限公司,上海,3.0-5.0,6,本科及以上,电气自动化，工业企业自动化,民营企业,1-49人,,2026-07-06 17:27,GEh7yupM3bmzqSy1p1a9NU
财务岗（实习生）,西安高新区国有资产管理运营有限公司,陕西,1.0-2.0,8,本科及以上,,国有企业,100-499人,,2026-07-06 17:11,3YVD7F9ajvSKemoG7VnugZ
组装技术员,河南西通电梯有限公司,江苏,5.5-6.5,50,不限,,民营企业,50-99人,,2026-07-06 17:03,W4mCfZpr7arJmuhnZLZ2tE
马鞍山 智能场景训练,北京瑞世盛誉科技发展有限公司,安徽,4.0-5.0,10,专科及以上,,股份制企业,100-499人,,2026-07-06 16:46,NVJMHA2EoNQWF7r4tdSFs6
行政人事,晨珲信息科技（广州）有限公司,广东,6.0-8.0,1,专科及以上,,民营企业,1-49人,,2026-07-06 16:44,VDPWxgomNpggDudfAw2ceM
河西区肯德基楼面经理急招就近分配实习可提供实习证明,天津肯德基有限公司,天津,3.5-4.5,2,专科及以上,不限,外商独资/外企代表处,5000以上,,2026-07-06 15:29,CcgSU5gEGZUVxRkqLmoyPC
造价员预算员实习生,惠州秦汉工程管理有限公司,广东,1.5-2.0,10,专科及以上,工程造价、建筑工程,民营企业,1-49人,,2026-07-06 15:07,U7kQCAj4AMwMJ3DCmFjv7z
销售岗位管理培训生,上海飞力勋铖电气科技有限公司,上海,4.0-6.0,2,专科及以上,电气工程 自动控制 机械设计及制造 企业管理 工商管理 市场营销 英语 商务英语,民营企业,100-499人,五险一金，带薪年假，岗位晋升，技能培训，弹性工作，定期体检，绩效奖金，年度旅游，免费加班餐，提供住宿,2026-07-06 12:20,ZDwWGfvCsdnfWxdmZJJLC
质检员,赣州移远科技有限公司,江西,4.3-5.5,17,专科及以上,机电类、自动化类、机械类、物联网及计算机类、工业工程、工业机器人类，电气类，仪器仪表类等理工相关专业,民营企业,1000-4999人,,2026-07-06 12:17,M5GYByuDnEncaiuDGNxzWL
生物试剂耗材销售代表,广州拓山生物科技有限公司,广东,5.0-8.0,1,本科及以上,生物，食品，药品,民营企业,1-49人,,2026-07-06 10:52,Eix83xNxGkKTaRWm8htRcq
短视频剪辑,合肥昭牧网络科技有限公司,安徽,4.0-6.0,5,不限,摄影 广电 新媒体相关,民营企业,1-49人,五险一金，绩效奖金,2026-07-06 10:42,D9AKDLk3fc84Dq8VmxP2D8
销售经理（实习）,广东省珠海广弘医药进出口有限公司,全国,2.0-5.0,5,本科及以上,医学、药学相关专业，市场营销,国有企业,100-499人,五险一金，带薪年假，岗位晋升，技能培训，定期体检，扁平管理，绩效奖金，提供住宿,2026-07-06 10:40,CZVKkp7ydMcd7zcqoVqHf4
中餐西餐接待,苏州高新商旅发展有限公司狮山国际会议中心,江苏,3.0-5.0,30,不限,酒店 旅游 空乘 航空 会计,国有企业,100-499人,五险一金，岗位晋升，技能培训，定期体检，年度旅游，高温补贴，提供住宿，班车接送,2026-07-06 10:31,VHPtEtGG89dA95iCwPe3g7
前厅部,苏州高新商旅发展有限公司狮山国际会议中心,江苏,3.0-5.0,30,专科及以上,酒店管理 旅游管理 会计 航空 空乘,国有企业,100-499人,五险一金，岗位晋升，技能培训，定期体检，年度旅游，高温补贴，提供住宿，班车接送,2026-07-06 10:31,9gM8zQFVmdSkXceuGbW9yK
前台接待,苏州高新商旅发展有限公司狮山国际会议中心,江苏,3.0-5.0,30,不限,酒店 旅游 会计 电商 航空,国有企业,100-499人,五险一金，岗位晋升，技能培训，定期体检，年度旅游，高温补贴，提供住宿，班车接送,2026-07-06 10:31,6YBvvferzo3jateegNoanA
中餐、后厨、西餐 实习生,苏州新梅华餐饮管理有限公司,江苏,3.0-5.0,20,不限,后厨 酒店 旅游,民营企业,500-999人,五险一金，岗位晋升，技能培训，绩效奖金，年度旅游，节日礼物，免费加班餐，提供住宿,2026-07-06 10:28,BohPyHRNrgXj1MgiWdx1sD
园林景观工程设计实习生,建学建筑与工程设计所有限公司广东分公司,广东,3.0-3.0,2,本科及以上,园林景观 环境设计,民营企业,100-499人,,2026-07-06 10:08,ipJJitksjUiZZxYM5o75F
服务器测试工程师,威尔创新（天津）科技发展有限公司,天津,3.0-7.0,1,专科及以上,计算机相关专业 信息安全与管理,民营企业,50-99人,五险一金，带薪年假，岗位晋升，技能培训，绩效奖金，节日礼物，免费加班餐,2026-07-06 09:55,8Aa9kThE15rpknk9ifVGTb
AI 模型优化标注岗：AI 训练师（居家线上兼职）,安徽飞数信息科技有限公司,全国,2.5-3.0,200,本科及以上,1、本科及以上学历 方向一：基础医学、药学、临床医学及生物医学相关专业 方向二：计算机、人工智能等相关专业 方向三：化学等相关专业 方向四：艺术类相关专业,民营企业,1000-4999人,,2026-07-06 09:44,PQVpZ9gHar1JGcU77ukD1f
产品分享员,上海苏香木兰健康科技有限公司,全国,0.1-0.1,9999,不限,不限,民营企业,100-499人,,2026-07-06 09:29,UEkwmAgxStBSb5tJje9t9t
理科教育助理教研员（教育领域）,安徽飞数信息科技有限公司,安徽,2.5-3.0,3,本科及以上,理科相关专业背景为硬性要求，如科学教育、物化生地理、教育技术等相关专业,民营企业,1000-4999人,,2026-07-06 09:28,5J9oDbyufh52uZq15G9FKC
财务专员,清远北江交旅经营管理有限公司,广东,2.8-3.3,2,本科及以上,会计学、财务管理、审计学、税收学,国有企业,100-499人,午餐补助，零食水果,2026-07-06 09:25,JeKkJBj8D9evQvSrJrFPxs
软件测试实习助理,北京泛舟起航科技有限公司,北京,3.0-4.0,20,本科及以上,计科 物联网 电子信息 软件工程 自动化 信息管理 数据科学与大数据,民营企业,100-499人,,2026-07-06 09:12,V9FJVHSERriKEfcA9HVzim
数据标注工程师,河南省云台实业有限公司,浙江,5.0-7.0,200,专科及以上,软件工程 大数据 计算机 统计学 语言学,民营企业,50-99人,,2026-07-06 08:49,5PahPxn5a7tkbkMdwvPzrh
暑假工2028届2029届,浙江寿海农业开发有限公司,江西,2.0-3.0,10,专科及以上,计算机，人工智能，建筑，设计，工程，软件，互联网，电子商务,民营企业,1-49人,,2026-07-05 11:56,TCfh5yUJA5kYcPZAEUpmuo
人工智能实习生2027届,安徽三颗花生网络科技有限公司,福建,2.0-4.5,4,专科及以上,计算机，人工智能，建筑，设计，工程，软件，互联网，电子商务,民营企业,50-99人,,2026-07-05 18:54,BnfKJ8Fazb7CCFyaoShNXV
短期勤工俭学岗位1—2个月,上汽大众汽车有限公司宁波分公司,江苏,5.0-6.5,25,专科及以上,不限专业,合资企业,5000以上,五险一金，带薪年假，定期体检，年终奖，交通补助，午餐补助，高温补贴，节日礼物，提供住宿,2026-07-04 16:38,7YZQQcAWLMfmrgELb9pYtr
写字楼招商经理,郑州星原房地产经纪有限公司,河南,4.0-10.0,5,本科及以上,不限专业,民营企业,50-99人,带薪年假，技能培训，弹性工作，年终分红，股权激励，扁平管理，绩效奖金，年度旅游，节日礼物，提供住宿,2026-07-04 16:34,B4ydQQVqrURpmf2R7fDrrN
财务实习岗,浙江东竹生物科技股份有限公司,浙江,2.0-3.0,1,本科及以上,会计学 财务管理,民营企业,1-49人,五险一金，岗位晋升，弹性工作，年终分红，午餐补助,2026-07-04 08:25,Num356y7yqY3LtCY6F1uHi
芯片封测员,华天科技（江苏）有限公司,江苏,6.0-7.0,220,专科及以上,理工类 计算机 人工智能 等,民营企业,5000以上,,2026-07-04 16:44,RhB8V7ZWAh4kME2KHB341u
沙雕漫剧创造师＋长白班＋oo后氛围好,圆木禾(银川)大数据科技有限公司,宁夏,3.0-5.0,20,专科及以上,动漫设计，制作类 计算机类 服务类 不限专业,民营企业,500-999人,,2026-07-04 15:38,KK2gXy4bWDC6QbYMXwyhFQ
动漫制作工程师＋五险一金＋朝九晚六,圆木禾(银川)大数据科技有限公司,宁夏,3.0-5.0,20,专科及以上,动漫设计，制作类 计算机类 服务类 不限专业,民营企业,500-999人,,2026-07-04 15:38,4iGjYjBp1buwEVYJfx9qQD
外贸业务跟单实习生,宁波安凯莱家具有限公司,浙江,2.0-3.0,2,本科及以上,国际贸易专业,民营企业,1-49人,,2026-07-04 12:31,MsfT54rx6CP5efcGEJernW
家具设计实习生,宁波安凯莱家具有限公司,浙江,2.0-3.0,2,本科及以上,家具设计。 产品设计。工业设计,民营企业,1-49人,,2026-07-04 12:31,FF1J1B2usKpa3BrSpYoEWE
预备技师（7月面试入职）,中南教育科技（深圳）有限公司,广东,8.0-12.0,30,专科及以上,机械设计制造及其自动化 电气自动化技术 机电体化 计算机应用技术 智能控制技术 智能机器人技术、智能制造装备技术 模具设计与制造,民营企业,50-99人,,2026-07-04 11:59,76qyU9H9DZPi7QZhAVVimH
技工（拿毕业证后转正）,中南教育科技（深圳）有限公司,广东,5.5-7.5,50,专科及以上,机械设计制造及其自动化 电气自动化技术 机电体化 计算机应用技术 智能控制技术 智能机器人技术、智能制造装备技术 模具设计与制造,民营企业,50-99人,,2026-07-04 11:32,PHtLAkhHGnxzdxh6CbVsgV
烹饪实习生,苏州太湖国际高尔夫俱乐部有限公司,江苏,2.6-3.5,2,不限,烹饪相关专业,合资企业,100-499人,,2026-07-04 11:08,HHhQ1qTLUvq1RTNPUHSrvn
汽车生产制造类岗位,重庆长安汽车股份有限公司,重庆,4.5-8.0,30,专科及以上,,国有企业,5000以上,五险一金，带薪年假，定期体检，年终奖，高温补贴,2026-07-03 13:11,FhX6jN5mrk6i85HPzftkR7
运营管培生,广州市天河区晓晓星火教育培训中心有限公司,广东,3.5-6.0,30,专科及以上,教育 管理 工商 市场营销 电子商务 金融 新媒体,民营企业,100-499人,五险一金，带薪年假，岗位晋升，定期体检，绩效奖金，节日礼物,2026-07-03 18:12,27fMwWXvYzPALhqSRobG5T
中移在线10086热线客服,四川皓晟信息技术有限公司,四川,4.0-8.0,50,不限,客服 旅游 电子商务 礼仪 酒店,民营企业,100-499人,带薪年假，岗位晋升，扁平管理，节日礼物,2026-07-03 17:57,H6LUdu6ioqJAd2CKFYGmWF
电池 PACK 总装操作工,衢州极电电动汽车技术有限公司,浙江,5.0-8.0,30,专科及以上,材料 电化学 新能源 车辆工程 电气 机械 机电一体化 电机 自动化 能源工程 电气工程 储能 工业工程 物流管理 汽车制造与装配技术 汽车制造类 建筑工程技术 计算机应用技术 车辆工程 机械设计制造及其自动化 机电一体化技术 工业机器人技术 新能源汽车技术 电气自动化 土木工程 电子应用技术 物联网技术 数控技术 智能焊接技术 轨道交通运输 土木水利 城市轨道交通运营管理 建筑装饰工程技术 工商企业 机械相关专业,民营企业,1000-4999人,五险一金，带薪年假，岗位晋升，技能培训，弹性工作，提供住宿，班车接送,2026-07-03 14:23,TCEqARE66rpBXs7SSphqVz
实习生,北京易低优科技有限公司,北京,5.0-10.0,16,专科及以上,无,民营企业,50-99人,五险一金，岗位晋升，弹性工作，定期体检，扁平管理，绩效奖金，节日礼物，零食水果,2026-07-03 14:14,LrqFWQJN7eweQWsUfJ3Ram
房产置业顾问,株洲新环境房地产经纪有限公司,湖南,3.0-10.0,5,专科及以上,专业不限,民营企业,1000-4999人,五险一金，岗位晋升，技能培训，弹性工作，绩效奖金,2026-07-03 11:44,Gf4dD9WdtovDYf4dcbPgsx
【国企】澳柯玛2027 届实习生,澳柯玛股份有限公司制造分公司,山东,5.0-6.0,30,专科及以上,机电一体化、机械制造与自动化、智能控制、工业机器人、电气自动化、数控技术、智能焊接、计算机网络技术 模具设计与制造、人工智能技术应用、建筑工程技术、新能源汽车技术、,国有企业,1000-4999人,五险一金，岗位晋升，技能培训，年终分红，股权激励，提供住宿,2026-07-03 09:25,ED17cT1RGDrJuvYaKkbn7Q
电商运营助理,广州市穗从农林发展有限公司,全国,2.8-3.0,2,专科及以上,电子商务 数字媒体,股份制企业,1-49人,岗位晋升，技能培训，年终奖，绩效奖金，交通补助，免费加班餐，提供住宿,2026-07-03 20:36,Bxwrvm2a9QCSiDvYz8sPx5
舞蹈实习生,珠海演艺集团有限责任公司,广东,2.0-5.0,10,专科及以上,,国有企业,100-499人,,2026-07-03 17:16,KWZbd1Hkriqs7ujm2u6ZMq
北京地铁安检员,北京中海旅服物业管理有限公司,北京,3.0-4.0,100,专科及以上,信息安全，消防专业，空乘，城市轨道、运输、运营管理、信号技术,民营企业,1-49人,,2026-07-03 16:44,QYZixd72YYCyi13uVva1d
非标售后实习生,苏州智睿希尔智能科技有限公司,全国,5.0-6.0,50,专科及以上,,民营企业,50-99人,,2026-07-03 15:01,4jmb8nPvgF7EM77s1ADDGM
27届预备技师（有名额立刻安排面试）,中南国际科技发展（深圳）有限公司,广东,8.0-12.0,10,专科及以上,机械设计制造及其自动化 电气自动化技术 机电一体化 计算机应用技术 智能控制技术 智能机器人技术 智能制造装备技术 模具设计与制造,民营企业,100-499人,,2026-07-03 14:29,HYdyN9h6z3ZSgrJVd8QC56
产线上料操作员（新能源）,浙江吉利极电智能科技有限公司,浙江,6.0-8.0,50,专科及以上,材料 电化学 新能源 车辆工程 电气 机械 机电一体化 电机 自动化 能源工程 电气工程 储能 工业工程 物流管理 汽车制造与装配技术 汽车制造类 建筑工程技术 计算机应用技术 车辆工程 机械设计制造及其自动化 机电一体化技术 工业机器人技术 新能源汽车技术 电气自动化 土木工程 电子应用技术 物联网技术 数控技术 智能焊接技术 轨道交通运输 土木水利 城市轨道交通运营管理 建筑装饰工程技术 工商企业 机械相关专业,民营企业,1000-4999人,五险一金，带薪年假，岗位晋升，技能培训，提供住宿，班车接送,2026-07-03 14:22,G3eQkxg82nrW9R7ou7dr59
亲子老师,北京华夏起点传承教育科技有限公司,北京,2.0-2.3,50,不限,学前教育 早期教育 托育服务 艺术专业 小学教育 舞蹈培训 体能专业,民营企业,1-49人,五险一金，岗位晋升，绩效奖金，年度旅游，节日礼物，提供住宿,2026-07-03 14:16,3iQ32AAT6kDYUmp7TqQ4r9
主班老师,北京华夏起点传承教育科技有限公司,北京,2.0-2.3,50,不限,学前教育 早期教育 托育服务 艺术专业 小学教育 舞蹈培训,民营企业,1-49人,五险一金，岗位晋升，绩效奖金，年度旅游，节日礼物，提供住宿,2026-07-03 14:16,Fse884Tasq9ftPDZHjXR2b
儿童体能老师,北京华夏起点传承教育科技有限公司,北京,2.0-2.3,50,不限,学前教育 早期教育 托育服务 艺术专业 小学教育 舞蹈培训 体能专业,民营企业,1-49人,五险一金，岗位晋升，绩效奖金，年度旅游，节日礼物，提供住宿,2026-07-03 14:16,45UaRen2yWd57MAcWnmGWY
保育老师,北京华夏起点传承教育科技有限公司,北京,2.0-2.3,50,不限,学前教育 早期教育 托育服务 艺术专业 小学教育 舞蹈培训,民营企业,1-49人,五险一金，岗位晋升，绩效奖金，年度旅游，节日礼物，提供住宿,2026-07-03 14:16,J3RDVKNH5jaUtArwv6J7E2
配班老师,北京华夏起点传承教育科技有限公司,北京,2.0-2.3,50,不限,学前教育 早期教育 托育服务 艺术专业 小学教育 舞蹈培训,民营企业,1-49人,五险一金，岗位晋升，绩效奖金，年度旅游，节日礼物，提供住宿,2026-07-03 14:16,6eSnz8mFfUR4SGTV41WUxP
舞蹈培训中心,北京华夏起点传承教育科技有限公司,北京,2.0-2.3,50,不限,学前教育 早期教育 托育服务 艺术专业 小学教育 舞蹈培训,民营企业,1-49人,五险一金，岗位晋升，绩效奖金，年度旅游，节日礼物，提供住宿,2026-07-03 14:16,51ULFu5gFYJhueTkznRVEr
会计实习生（免费住宿）,两岸梧桐（厦门）中小企业创业服务有限公司,福建,2.0-2.0,1,专科及以上,财务管理 会计 审计 会计电算化,其他,1-49人,五险一金，带薪年假，技能培训，股权激励，节日礼物,2026-07-03 13:21,FWVzSWLhea5BUMYzgBqmYZ
法务实习生,无锡奈良科技有限公司,江苏,5.0-8.0,3,专科及以上,,民营企业,1-49人,,2026-07-03 12:54,8ManzLGe7goQehinUSYihJ
电机工程师,云阔具身（江苏）智能科技有限公司,江苏,4.5-10.0,2,本科及以上,,民营企业,100-499人,,2026-07-03 11:56,Y9rfqz1HHsyZRh5MEX4cJb
销售助理,株洲新环境房地产经纪有限公司,湖南,3.0-10.0,5,专科及以上,专业不限,民营企业,1000-4999人,五险一金，岗位晋升，技能培训，弹性工作，绩效奖金,2026-07-03 11:44,GiQeeLWUt4WAv6FasQ5tLV
中国铁路经济规划研究院有限公司安排实习生公告（2026年下半年）,中国铁路经济规划研究院有限公司,北京,2.4-4.5,44,本科及以上,,国有企业,100-499人,,2026-07-03 11:18,Wh75iqKjnnf3NyFQL78YUA
房产管培生,株洲新门户房地产经纪有限公司,湖南,3.0-8.0,0,专科及以上,,民营企业,100-499人,五险一金，岗位晋升，技能培训，弹性工作，年终分红，股票期权，年终奖，年度旅游，节日礼物,2026-07-03 10:50,Paadk3gM7eKMbkbnejadzt
储备店长,株洲新门户房地产经纪有限公司,湖南,3.0-8.0,0,专科及以上,,民营企业,100-499人,五险一金，岗位晋升，技能培训，弹性工作，年终分红，股票期权，年终奖，年度旅游，节日礼物,2026-07-03 10:50,AbGBhwCBqFJxPd4V21LjXo
销售实习生 I 大学生可实习，提供实习证明,湖南象盒网络科技有限公司,湖南,4.0-6.0,30,专科及以上,专业不限 房地产 市场营销 电子商务 工商管理 新媒体等相关专业优先,民营企业,5000以上,五险一金，带薪年假，岗位晋升，技能培训，弹性工作，股权激励，扁平管理，年度旅游，提供住宿,2026-07-03 10:25,D4e4ZuwEAUE12Mi7q3CfB9
前台接待,阿勒泰瑞禾投资有限公司,新疆,3.0-3.5,2,专科及以上,酒店管理、旅游管理、不限专业,民营企业,100-499人,,2026-07-03 09:51,J1if7RrMCSZF6Fo4tMpNBn
餐饮服务,阿勒泰瑞禾投资有限公司,新疆,3.0-3.5,2,不限,酒店管理，旅游管理，不限专业,民营企业,100-499人,,2026-07-03 09:51,K1xXp7bAy3ybnc78UPrRYQ
施工技术员,江苏苏坤智造科技有限公司,安徽,3.0-5.0,30,专科及以上,土木类/水利类//测绘类/地质类/能源动力类,民营企业,1-49人,,2026-07-03 09:23,BEqRdisUhhxMHnPVwhqUAG
非标自动化装配实习生,珠海华冠科技股份有限公司,广东,5.0-7.0,40,专科及以上,机电一体化 电气自动化 机械制造 工业机器人 数控技术 汽车维修,股份制企业,500-999人,五险一金，岗位晋升，技能培训，年终奖，午餐补助，提供住宿,2026-07-02 16:12,JBikN372kKpg9USem3vnNm
机加工技术员,极光湾（宁波）智能科技有限公司,浙江,5.0-6.5,20,专科及以上,工业机器人技术 数控技术 新能源汽车技术 智能控制技术 智能焊接技术 机械制造及自动化 机械设计与制造 机电设备技术 汽车制造与试验技术 汽车检测与维修技术 现代物流管理 电气自动化技术,民营企业,500-999人,岗位晋升，提供住宿,2026-07-02 10:33,HCngExQUQEmBaGzyV2s3QV
装配技术员,极光湾（宁波）智能科技有限公司,浙江,5.0-6.5,20,专科及以上,工业机器人技术 数控技术 新能源汽车技术 智能控制技术 智能焊接技术 机械制造及自动化 机械设计与制造 机电设备技术 汽车制造与试验技术 汽车检测与维修技术 现代物流管理 电气自动化技术,民营企业,500-999人,岗位晋升，提供住宿,2026-07-02 10:33,GivuaHXK6DfRY9BFPWiaLd
电商销售,杭州亿馨网络科技有限公司,浙江,4.2-8.2,10,专科及以上,经管系 电子商务 计算机,民营企业,100-499人,五险一金，带薪年假，扁平管理，绩效奖金，提供住宿,2026-07-02 17:21,5kMo22AQhWmn2CucJpzZSD
直播运营助理,杭州亿馨网络科技有限公司,浙江,3.5-5.0,5,专科及以上,经管系 电子商务 计算机,民营企业,100-499人,五险一金，带薪年假，扁平管理，绩效奖金，提供住宿,2026-07-02 17:20,176hC37Y9fEGEyqJn51tHU
BYD 王朝网招【线索邀约专员】8-15K,成都洪武盛世汽车销售服务有限公司,四川,4.0-7.0,10,不限,,民营企业,1000-4999人,,2026-07-02 17:06,Mckkc4FyESh9BXXUN1EVff
法务实习生,上海东方建筑设计研究院有限公司,江苏,2.2-2.5,20,本科及以上,法学,民营企业,50-99人,,2026-07-02 16:05,V8EXGQBTgUdE5F2yeco6XL
财务实习生,上海东方建筑设计研究院有限公司,江苏,2.2-2.5,20,本科及以上,财务管理 会计学,民营企业,50-99人,,2026-07-02 16:03,3SBitf5ZsGcaXwpP2Pvxfu
张家口数据采集,北京互联智行科技有限公司,河北,3.0-5.0,30,专科及以上,计算机,民营企业,100-499人,,2026-07-02 14:30,MVpRcDeoPA712dqHecAuSB
2027年毕业管培生,深圳市万象美物业管理有限公司南昌万达城分公司,江西,3.5-5.0,5,专科及以上,,民营企业,1-49人,,2026-07-02 14:22,8JM9TznmVrpFqRBnANov6t
检测员,天津德必检测技术有限公司,江苏,4.0-5.0,8,专科及以上,机电、理化测试与质检、焊接、数控、船舶,民营企业,1-49人,,2026-07-02 12:07,SsoC1HLhq7DNoBgovTCzLF
服务顾问,湘潭宝泽汽车销售服务有限公司,湖南,2.0-3.0,1,专科及以上,,股份制企业,50-99人,,2026-07-02 11:00,KUGNdg3W8RMowmm5RDa38M
车工,天津五合伟业工程管理服务有限公司,天津,3.0-4.0,10,专科及以上,,民营企业,500-999人,五险一金，带薪年假,2026-07-02 10:42,EUnHTyPeRHd1b6FaHfD9Pp
CRO公司诚聘：北京-实习运营CRA临床监查员,北京夸克侠科技有限公司,北京,2.0-5.0,5,本科及以上,医学 药学,民营企业,100-499人,五险一金，带薪年假，岗位晋升，技能培训，扁平管理，专项奖金，年度旅游，午餐补助，节日礼物，零食水果,2026-07-02 10:38,X9SbUjv3d3GN7qYVZ5ipjP
医学实习生,北京夸克侠科技有限公司,上海,2.0-4.0,1,本科及以上,临床医学,民营企业,100-499人,五险一金，带薪年假，岗位晋升，技能培训，扁平管理，专项奖金，年度旅游，午餐补助，节日礼物，零食水果,2026-07-02 10:38,BT55Rj2EZZBVc3Yk4EWQ4V
医学实习生-沈阳,北京夸克侠科技有限公司,辽宁,2.0-4.0,1,专科及以上,临床医学,民营企业,100-499人,五险一金，带薪年假，岗位晋升，技能培训，扁平管理，专项奖金，年度旅游，午餐补助，节日礼物，零食水果,2026-07-02 10:38,9G5rNHBRPHLyVit1pEGNTy
医学实习生-北京,北京夸克侠科技有限公司,北京,2.0-3.0,2,本科及以上,,民营企业,100-499人,五险一金，带薪年假，岗位晋升，技能培训，扁平管理，专项奖金，年度旅游，午餐补助，节日礼物，零食水果,2026-07-02 10:38,2SguPdreFDaa76MmC9VRud
【长沙-实习生】英语主播（提供单人公寓住宿+可开实习证明+接受无经验）,湖南世纪征途企业管理有限公司,湖南,8.0-15.0,15,本科及以上,不限专业,民营企业,500-999人,带薪年假，岗位晋升，技能培训，年终奖，绩效奖金，年度旅游，住房补助，节日礼物，提供住宿,2026-07-02 10:33,6Aamkxcty2CxFzDkqDSoAK
幼儿园/托育/早教/亲子乐园实习副班老师,广州天诺教育有限公司,广东,2.0-2.0,100,专科及以上,学前教育、早期教育、婴幼儿托育，小学教育等教育专业,民营企业,100-499人,五险一金,2026-07-02 10:33,QErKg2fWDRLrAQ7WJw3KrR
小学生托管实习老师,广州天诺教育有限公司,广东,2.0-2.0,100,专科及以上,学前教育、早期教育、婴幼儿托育，小学教育等教育专业,民营企业,100-499人,五险一金,2026-07-02 10:32,BxwWE8TAjFemW1KKeRr1wh
商务专员,江苏淘金无忧创投投资管理有限公司,江苏,1.0-2.0,17,本科及以上,互联网、市场营销、工商管理、金融、财务管理、传媒、设计、播音、中文、法学等相关专业优先,民营企业,50-99人,,2026-07-02 10:29,9ck4a3Lm9T8TPzSFfdxHyU
前厅部 礼宾员,苏州吴宫大酒店有限公司苏州吴宫泛太平洋酒店,江苏,3.0-3.5,20,不限,酒店管理 旅游 乘务,上市公司,100-499人,五险一金，岗位晋升，技能培训，弹性工作，定期体检，年终奖，绩效奖金，节日礼物，免费加班餐，提供住宿,2026-07-02 10:10,FE2aYnXeNWtpMxYNFpab7S
中 西餐服务,苏州吴宫大酒店有限公司苏州吴宫泛太平洋酒店,江苏,3.0-3.5,20,不限,无要求,上市公司,100-499人,五险一金，岗位晋升，技能培训，弹性工作，定期体检，年终奖，绩效奖金，节日礼物，免费加班餐，提供住宿,2026-07-02 10:10,YZdmRScEmfaRg4yVGMtDFv
餐厅服务员,苏州吴宫大酒店有限公司苏州吴宫泛太平洋酒店,江苏,3.0-3.5,20,不限,无要求,上市公司,100-499人,五险一金，岗位晋升，技能培训，弹性工作，定期体检，年终奖，绩效奖金，节日礼物，免费加班餐，提供住宿,2026-07-02 10:10,Ch7D2pSooj2inJCY9UUJbx
海淀五道口数据采集,北京互联智行科技有限公司,北京,5.0-6.0,30,专科及以上,计算机,民营企业,100-499人,,2026-07-02 10:05,NUJ4pLVxje9oMxbFE22j1X
亚马逊运营,重庆群星引力大数据科技有限公司,重庆,2.0-4.0,1,专科及以上,电子商务,民营企业,1-49人,岗位晋升，年终分红，节日礼物，零食水果,2026-07-02 09:36,UsF38Ja8G7kWYe4DxvPKBS
跨境电商运营专员,重庆群星引力大数据科技有限公司,重庆,2.0-4.0,1,专科及以上,电子商务 跨境电商,民营企业,1-49人,岗位晋升，年终分红，节日礼物，零食水果,2026-07-02 09:33,NFN7jNwSbrGgwXmY4SJ63k
【众星计划】线上实习互联网管培生储备干部,武汉市慕忻科技有限公司,全国,2.0-4.0,5,专科及以上,艺术 表演 播音主持 市场营销 工商管理 汉语言文学 教育类,民营企业,100-499人,五险一金，技能培训，弹性工作，绩效奖金,2026-07-01 17:12,SU8fzFsNM6VVEviJiWvXNT
高端连锁餐饮管培生｜包食宿｜管理精英培养计划,上海丰之绪餐饮管理有限公司,上海,4.0-5.0,200,不限,烹饪 酒店管理 旅游管理 市场营销 高级饭店经营与管理 工商管理 食品,民营企业,1000-4999人,岗位晋升,2026-07-01 15:58,QdVJydtQjPZTw61oyRShEW
短期见习生,长兴太湖龙之梦长峰酒店投资管理有限公司,浙江,2.1-3.0,100,不限,酒店 烹饪 旅游 工商管理 空乘,上市公司,5000以上,五险一金，带薪年假，岗位晋升，技能培训，弹性工作，定期体检，年终奖，年底双薪，专项奖金，绩效奖金,2026-07-01 15:58,2YzFLQk9VntFBtVnTvfoFQ
连锁餐饮储备干部管培岗 包食宿,上海丰之绪餐饮管理有限公司,上海,4.0-5.0,200,不限,烹饪 酒店管理 旅游管理,民营企业,1000-4999人,岗位晋升,2026-07-01 15:40,DJ1oxMxN7BGaqXHqXfsZ1A
收银员,上海昂达餐饮管理有限公司,上海,4.0-6.0,50,专科及以上,会计、财务、财会、经贸、酒店、旅游、高铁乘务、市场营销,民营企业,500-999人,五险一金，岗位晋升，技能培训，年终分红，股票期权，定期体检，年终奖，年底双薪，免费加班餐，提供住宿,2026-07-01 15:39,LGPFngxZRCFTeyvE9EPRjk
酒店餐饮实习生包吃住,上海昂达餐饮管理有限公司,上海,4.0-5.0,100,不限,,民营企业,500-999人,五险一金，岗位晋升，技能培训，年终分红，股票期权，定期体检，年终奖，年底双薪，免费加班餐，提供住宿,2026-07-01 15:38,YRtaUZ4aik6sa2djruKQQa
酒店综合储备实习生 包吃住,长兴太湖龙之梦长峰酒店投资管理有限公司,浙江,2.1-3.0,100,不限,,上市公司,5000以上,五险一金，带薪年假，岗位晋升，技能培训，弹性工作，定期体检，年终奖，年底双薪，专项奖金，绩效奖金,2026-07-01 14:29,CVdFwFFFjnMcFiYnYtMkKh
管培生（包吃住）,长兴太湖龙之梦长峰酒店投资管理有限公司,浙江,2.1-3.0,100,不限,酒店管理 旅游管理 会计 工商管理 烹饪,上市公司,5000以上,五险一金，带薪年假，岗位晋升，技能培训，弹性工作，定期体检，年终奖，年底双薪，专项奖金，绩效奖金,2026-07-01 14:15,9BNDRvpFc5Kk4FB28c5HXw
无经验可投 餐饮服务员管培生包吃住,上海丰之绪餐饮管理有限公司,上海,4.0-5.0,200,不限,,民营企业,1000-4999人,岗位晋升,2026-07-01 14:05,8TjCD5F29shADMskUZwVER
门店储备干部（餐饮管培生）包吃住,上海丰之绪餐饮管理有限公司,上海,4.0-5.0,200,不限,,民营企业,1000-4999人,岗位晋升,2026-07-01 13:54,9Pf6dbJZfFQXUVc55uHAbw
软测实习生,上海祥承通讯技术有限公司,上海,3.0-6.0,2,本科及以上,计算机、软件工程、电子信息等相关专业,民营企业,1000-4999人,五险一金，带薪年假，岗位晋升，技能培训，股票期权，定期体检，扁平管理，年终奖，绩效奖金，年度旅游,2026-07-01 10:28,TYRPTqZ3rfDcL1EniEHUMi
流程自动化实习生,上海祥承通讯技术有限公司,上海,3.0-6.0,2,本科及以上,计算机、软件工程、信息管理等相关专业,民营企业,1000-4999人,五险一金，带薪年假，岗位晋升，技能培训，股票期权，定期体检，扁平管理，年终奖，绩效奖金，年度旅游,2026-07-01 10:23,BdfssVukLjgyrUznFRcNhN
法务助理,上海祥承通讯技术有限公司,上海,3.0-6.0,2,本科及以上,法学相关,民营企业,1000-4999人,五险一金，带薪年假，岗位晋升，技能培训，股票期权，定期体检，扁平管理，年终奖，绩效奖金，年度旅游,2026-07-01 10:14,3mF6Y8Ljyq4ovG5DUQChe9
包吃住前厅部实习生,长兴太湖龙之梦长峰酒店投资管理有限公司,浙江,2.1-3.0,100,不限,酒店管理 旅游管理 会计 工商管理 烹饪,上市公司,5000以上,五险一金，带薪年假，岗位晋升，技能培训，弹性工作，定期体检，年终奖，年底双薪，专项奖金，绩效奖金,2026-07-01 10:03,LisLWATy3996pmEgqZ5rbf
包吃住酒店餐饮实习生,长兴太湖龙之梦长峰酒店投资管理有限公司,浙江,2.1-3.0,100,不限,酒店管理 旅游管理 会计 工商管理 烹饪,上市公司,5000以上,五险一金，带薪年假，岗位晋升，技能培训，弹性工作，定期体检，年终奖，年底双薪，专项奖金，绩效奖金,2026-07-01 09:40,54TFHc43qZeWHgzsG53vVN
